0, 北京
1, 山东
2, 福建
3, 北京
4, 江苏
5, 湖北
6, 浙江
7, 山东
8, 中国
9, 广东
10, 广东
11, 广东
12, 广东
13, 湖北
14, 浙江
15, 浙江
16, 黑龙
17, 北京
18, 湖北
19, 湖北
20, 湖北
21, 上海
22, 浙江
23, 江苏
24, 山东
25, 江苏
26, 上海
27, 湖南
28, 山东
29, 湖南
30, 广东
31, 江苏
32, 上海
33, 广东
34, 上海
35, 江苏
36, 河北
37, 江苏
38, 上海
39, 四川
40, 广东
41, 广东
42, 广东
43, 广东
44, 四川
45, 江苏
46, 江苏
47, 上海
48, 安徽
49, 安徽
50, 湖南
51, 江苏
52, 江西
53, 广东
54, 上海
55, 湖南
56, 江苏
57, 江苏
58, 江苏
59, 江苏
60, 江苏
61, 江苏
62, 北京
63, 北京
64, 北京
65, 上海
66, 浙江
67, 广东
68, 陕西
69, 上海
70, 江苏
71, 江苏
72, 江苏
73, 北京
74,ﾈ斡
75, 福建
76, 陕西
77, 黑龙
78, 黑龙
79, 江苏
80, 北京
81, 江苏
82, 江苏
83, 江西
84, 上海
85, 北京
86, 江苏
87, 吉林
88, 上海
89, 上海
90, 浙江
91, 江苏
92, 江苏
93, 重庆
94, 北京
95, 山东
96, 湖北
97, 湖北
98, 北京
99, 上海
100, 北京
101, 广东
102, 上海
103, 上海
104, 四川
105, 江苏
106, 浙江
107, 江苏
108, 上海
109, 陕西
110, 新疆
111, 广东
112, 广东
113, 湖南
114, 广东
115, 广东
116, 广东
117, 广东
118, 广东
119, 广东
120, 广东
121, 广东
122, 陕西
123, 北京
124, 上海
125, 辽宁
126, 上海
127, 江苏
128, 湖北
129, 江苏
130, 江苏
131, 天津
132, 广东
133, 浙江
134, 山东
135, 北京
136, 河北
137, 上海
138, 江苏
139, 天津
140, 上海
141, 辽宁
142, 广东
143, 安徽
144, 江苏
145, 江西
146, 广东
147,庆尚
148, 黑龙
149,庆尚
150, 上海
151, 广东
152, 北京
153, 江苏
154, 上海
155, 江苏
156, 湖南
157, 广东
158, 上海
159, 广西
160, 江苏
161, 安徽
162,纽约
163, 吉林
164,纽约
165, 北京
166, 四川
167, 山东
168, 广东
169, 广东
170, 广东
171, 陕西
172, 山东
173, 广东
174, 广东
175, 广东
176, 安徽
177, 广东
178, 广东
179, 广东
180, 广东
181, 黑龙
182, 山东
183, 上海
184, 江苏
185, 江苏
186,特拉
187, 广东
188, 上海
189, 江苏
190, 上海
191, 江苏
192, 江苏
193, 江苏
194, 湖南
195, 四川
196, 北京
197, 黑龙
198, 江苏
199, 湖南
200, 山东
201, 山东
202, 江苏
203, 北京
204, 上海
205, 浙江
206, 安徽
207, 江苏
208, 江苏
209, 江苏
210, 江苏
211, 江苏
212, 江苏
213, 江苏
214,纽约
215, 江苏
216, 山东
217,首尔
218, 江苏
219, 陕西
220,国京
221, 上海
222, 浙江
223, 黑龙
224,加利
225, 湖北
226, 天津
227, 江苏
228, 江苏
229, 上海
230, 江苏
231, 北京
232, 北京
233, 浙江
234, 广东
235, 江苏
236, 安徽
237, 北京
238, 山东
239, 浙江
240, 上海
241, 四川
242, 江苏
243, 浙江
244,阿纳
245, 浙江
246, 江苏
247, 广东
248, 北京
249, 四川
250, 江苏
251,东京
252, 江苏
253, 上海
254, 河南
255, 四川
256, 四川
257, 福建
258, 江苏
259, 黑龙
260, 陕西
261, 上海
262, 江苏
263, 江苏
264, 江苏
265, 江苏
266, 江苏
267,京畿
268, 上海
269, 上海
270, 上海
271, 北京
272, 天津
273, 浙江
274, 广东
275, 湖北
276, 广东
277, 广东
278, 江苏
279, 上海
280, 上海
281, 江苏
282,省信
283, 湖北
284, 江苏
285, 江苏
286, 浙江
287, 江苏
288, 四川
289, 北京
290, 山西
291, 山西
292, 山西
293, 江苏
294, 江苏
295, 上海
296, 湖北
297, 上海
298, 江苏
299, 广东
300, 广东
301, 北京
302, 上海
303, 江苏
304,兵库
305,路德
306, 四川
307,台湾
308, 广东
309, 北京
310, 江苏
311, 黑龙
312, 吉林
313, 四川
314, 江苏
315, 江苏
316, 上海
317, 北京
318, 江苏
319, 湖南
320, 江苏
321, 江苏
322, 陕西
323, 江苏
324, 江苏
325, 江苏
326, 北京
327, 上海
328, 上海
329, 北京
330, 北京
331, 江苏
332, 江苏
333, 浙江
334, 陕西
335, 上海
336, 江苏
337, 江苏
338, 江苏
339, 江苏
340, 浙江
341, 江苏
342, 浙江
343, 陕西
344, 陕西
345, 陕西
346, 陕西
347, 陕西
348, 上海
349, 甘肃
350, 北京
351, 北京
352,纽约
353,纽约
354, 江苏
355, 北京
356, 江苏
357, 上海
358, 上海
359, 江苏
360, 浙江
361, 上海
362, 江苏
363, 广东
364, 江苏
365, 北京
366,路德
367, 湖北
368, 北京
369, 江苏
370, 江苏
371, 湖北
372, 北京
373, 上海
374, 河南
375, 天津
376, 广东
377, 浙江
378, 广东
379, 广东
380, 广东
381, 北京
382, 湖南
383, 湖南
384, 江苏
385, 江苏
386, 江苏
387, 江西
388, 湖北
389,华沙
390, 江西
391, 浙江
392, 浙江
393, 黑龙
394, 江苏
395, 河南
396, 江苏
397, 浙江
398, 江苏
399, 重庆
400, 辽宁
401, 上海
402, 江苏
403, 上海
404, 陕西
405, 黑龙
406, 辽宁
407, 浙江
408,东京
409, 陕西
410, 北京
411, 吉林
412, 上海
413, 四川
414, 陕西
415, 陕西
416, 上海
417, 上海
418,埃斯
419, 北京
420, 上海
421, 陕西
422, 陕西
423, 陕西
424, 陕西
425, 广东
426, 江苏
427, 上海
428, 广东
429, 湖北
430, 山西
431, 江苏
432, 北京
433, 江苏
434, 北京
435, 黑龙
436, 北京
437, 广东
438, 广东
439, 广东
440, 湖北
441, 上海
442, 上海
443, 上海
444, 安徽
445, 北京
446, 新疆
447, 上海
448, 江苏
449, 江苏
450,庆尚
451,科隆
452, 天津
453, 黑龙
454, 江苏
455, 安徽
456, 辽宁
457, 江苏
458, 江苏
459, 江苏
460, 江苏
461, 江苏
462, 上海
463, 江苏
464, 江苏
465, 广东
466, 江苏
467,东京
468, 江苏
469, 江苏
470, 江苏
471, 江苏
472, 江苏
473, 江苏
474, 江苏
475, 江苏
476, 上海
477, 上海
478, 山东
479, 上海
480,京畿
481, 福建
482, 北京
483, 浙江
484, 陕西
485, 浙江
486, 重庆
487, 重庆
488, 广西
489, 北京
490, 上海
491, 上海
492, 上海
493, 浙江
494, 河南
495, 黑龙
496, 江苏
497, 上海
498, 北京
499, 江苏
0, 江苏
1, 北京
2,加利
3, 吉林
4, 江苏
5, 山东
6, 山东
7, 江苏
8, 北京
9, 上海
10, 浙江
11, 山东
12, 上海
13, 江苏
14, 陕西
15, 山东
16, 江苏
17, 福建
18, 北京
19, 陕西
20, 广东
21, 江苏
22,庆尚
23, 上海
24, 浙江
25, 江苏
26, 广东
27, 浙江
28, 安徽
29, 湖北
30, 北京
31, 北京
32, 北京
33, 上海
34, 上海
35, 上海
36, 重庆
37, 上海
38,京畿
39, 陕西
40,纽约
41, 江苏
42, 北京
43, 广东
44, 上海
45, 山西
46, 北京
47, 上海
48, 北京
49, 甘肃
50, 陕西
51, 山东
52, 上海
53, 甘肃
54, 天津
55, 上海
56, 吉林
57,宾夕
58,茨城
59,新德
60, 江苏
61, 江苏
62, 广东
63, 上海
64,台湾
65, 江苏
66, 北京
67, 北京
68, 上海
69, 江苏
70, 北京
71, 山西
72,时布
73, 上海
74, 湖北
75, 湖北
76, 广东
77, 江苏
78, 陕西
79, 陕西
80, 广东
81, 陕西
82, 浙江
83, 重庆
84, 江苏
85, 广东
86, 上海
87,纽约
88, 江苏
89, 北京
90, 江苏
91,得克
92, 江西
93, 山东
94, 山西
95, 湖北
96, 湖北
97, 山西
98, 上海
99, 广西
100, 上海
101, 上海
102, 北京
103, 新疆
104, 新疆
105, 北京
106, 广东
107, 浙江
108, 江苏
109, 上海
110, 江苏
111, 辽宁
112, 广西
113, 上海
114, 上海
115, 湖北
116, 浙江
117, 北京
118, 江苏
119, 江苏
120, 上海
121, 陕西
122, 湖北
123, 甘肃
124, 江苏
125, 湖北
126, 广东
127, 上海
128, 陕西
129, 广东
130, 广东
131, 江苏
132, 江苏
133, 湖北
134, 陕西
135, 陕西
136, 江苏
137, 陕西
138, 四川
139, 陕西
140, 福建
141, 辽宁
142, 新疆
143, 重庆
144, 四川
145, 北京
146, 广东
147, 江西
148,泰米
149, 北京
150, 江苏
151, 广东
152, 江苏
153, 江苏
154, 新疆
155, 广东
156, 四川
157, 陕西
158, 山东
159,爱知
160,东京
161, 陕西
162, 江苏
163, 上海
164, 广东
165, 安徽
166, 浙江
167, 江苏
168, 新疆
169, 湖北
170, 重庆
171, 湖北
172, 北京
173, 广东
174, 河南
175, 江苏
176, 辽宁
177, 广东
178, 广东
179, 广东
180,华盛
181, 广东
182, 江苏
183, 北京
184, 重庆
185, 河北
186, 河北
187, 河北
188, 上海
189, 四川
190, 北京
191, 北京
192,纽约
193, 安徽
194, 江苏
195, 北京
196, 重庆
197, 吉林
198, 江苏
199, 陕西
200, 黑龙
201, 江苏
202, 山东
203, 上海
204,特拉
205, 山西
206, 上海
207, 上海
208, 宁夏
209, 江苏
210, 广东
211, 江苏
212, 重庆
213, 安徽
214, 安徽
215, 黑龙
216, 浙江
217, 黑龙
218, 黑龙
219, 山东
220, 广东
221, 上海
222, 浙江
223, 江苏
224, 山东
225, 甘肃
226, 上海
227, 陕西
228, 上海
229, 福建
230, 陕西
231, 陕西
232, 重庆
233, 陕西
234, 江苏
235, 陕西
236, 湖南
237, 上海
238, 浙江
239, 浙江
240, 吉林
241, 北京
242, 浙江
243, 江苏
244, 江苏
245, 上海
246, 江苏
247, 广东
248, 河南
249, 黑龙
250, 北京
251, 江苏
252, 江苏
253, 河北
254, 北京
255, 北京
256, 广东
257,纽约
258, 浙江
259, 浙江
260, 上海
261, 陕西
262, 陕西
263, 安徽
264, 陕西
265, 江苏
266, 北京
267, 江苏
268, 湖南
269, 湖北
270, 重庆
271, 上海
272, 广东
273, 重庆
274, 安徽
275, 安徽
276, 海南
277, 江苏
278, 山西
279, 浙江
280, 山东
281, 北京
282, 安徽
283, 江苏
284, 湖南
285, 北京
286, 江苏
287, 江苏
288, 上海
289, 黑龙
290, 黑龙
291, 江苏
292, 安徽
293, 黑龙
294, 湖北
295, 广东
296, 广东
297, 江苏
298, 福建
299, 广东
300, 天津
301, 北京
302, 重庆
303, 北京
304, 江苏
305, 福建
306, 江苏
307, 广东
308, 黑龙
309, 上海
310, 上海
311, 江西
312, 上海
313,东京
314, 广东
315, 广东
316, 广东
317, 广东
318, 广东
319, 广东
320, 广东
321, 北京
322, 北京
323, 北京
324, 北京
325, 北京
326, 北京
327, 北京
328, 云南
329, 湖北
330, 福建
331, 北京
332, 河南
333, 福建
334, 湖北
335, 江西
336, 江苏
337, 江苏
338, 安徽
339,庆尚
340, 上海
341, 江苏
342, 陕西
343, 上海
344, 湖南
345, 江苏
346, 上海
347, 山东
348, 广东
349, 江苏
350, 湖北
351, 上海
352, 江苏
353, 辽宁
354, 江西
355, 湖北
356, 上海
357, 广东
358, 山东
359, 北京
360,台湾
361, 上海
362,密执
363, 黑龙
364, 福建
365, 吉林
366, 广东
367, 辽宁
368, 广东
369, 江苏
370, 广东
371, 浙江
372,台湾
373, 上海
374, 吉林
375,纽约
0, 北京
1, 北京
2, 上海
3, 陕西
4, 福建
5, 黑龙
6,新泽
7,坡新
8, 江西
9, 江西
10, 甘肃
11, 湖北
12, 上海
13,台湾
14, 浙江
15, 浙江
16, 浙江
17, 重庆
18, 上海
19, 上海
20, 浙江
21, 上海
22, 四川
23, 北京
24, 湖南
25, 上海
26, 上海
27, 黑龙
28, 山东
29, 四川
30, 湖北
31, 江苏
32, 湖南
33, 上海
34, 上海
35, 上海
36, 福建
37, 黑龙
38, 江苏
39, 山西
40, 湖南
41,德克
42, 上海
43, 上海
44, 浙江
45, 浙江
46, 江苏
47, 江苏
48, 陕西
49, 湖南
50, 安徽
51, 浙江
52, 浙江
53, 黑龙
54, 上海
55, 上海
56, 上海
57, 上海
58, 湖北
59, 上海
60, 北京
61, 上海
62, 天津
63, 江苏
64, 江苏
65, 北京
66, 辽宁
67, 辽宁
68, 辽宁
69, 山东
70, 江苏
71, 北京
72, 上海
73, 江苏
74, 山东
75, 山东
76, 北京
77, 广东
78, 上海
79, 辽宁
80, 辽宁
81, 北京
82, 上海
83,坡新
84, 北京
85, 陕西
86, 福建
87, 辽宁
88,京畿
89, 北京
90, 山东
91, 湖北
92, 江苏
93, 广西
94, 北京
95, 黑龙
96, 辽宁
97, 吉林
98, 山东
99, 广东
100, 上海
101, 河南
102, 黑龙
103, 上海
104, 上海
105, 浙江
106, 江苏
107, 山东
108, 北京
109, 江苏
110, 上海
111, 上海
112, 江苏
113, 上海
114, 北京
115, 山东
116, 广东
117, 辽宁
118,得克
119, 广东
120, 湖南
121, 江苏
122, 福建
123, 四川
124, 广东
125, 广东
126, 广东
127, 广东
128, 广东
129, 广东
130, 广东
131, 广东
132, 浙江
133, 湖北
134, 北京
135, 北京
136, 陕西
137, 江苏
138, 河北
139, 福建
140, 辽宁
141, 上海
142, 上海
143, 浙江
144, 上海
145, 黑龙
146, 湖北
147, 广东
148, 北京
149,庆尚
150, 浙江
151, 浙江
152, 山东
153, 广东
154, 北京
155, 广东
156, 北京
157, 江苏
158, 福建
159, 江苏
160, 江苏
161, 江苏
162, 江苏
163, 黑龙
164, 福建
165, 广东
166, 江苏
167, 上海
168, 江苏
169, 江苏
170, 福建
171, 江苏
172, 江苏
173, 江苏
174, 上海
175, 福建
176, 江苏
177, 北京
178, 山东
179, 山东
180,京畿
181, 江苏
182, 上海
183, 辽宁
184, 新疆
185, 浙江
186, 上海
187, 上海
188, 上海
189, 浙江
190, 上海
191, 山东
192,纽约
193, 北京
194, 上海
195, 江苏
196, 北京
197, 江苏
198, 北京
199, 江苏
200, 北京
201, 江苏
202, 陕西
203, 陕西
204, 陕西
205, 四川
206, 上海
207, 江苏
208, 湖北
209, 广东
210, 广东
211, 广东
212, 湖北
213, 天津
214, 湖南
215, 辽宁
216, 江苏
217, 江苏
218, 山东
219, 浙江
220, 上海
221, 湖南
222, 北京
223, 广东
224, 广东
225, 江苏
226, 江苏
227, 广东
228, 河南
229, 河南
230, 福建
231, 浙江
232, 四川
233, 上海
234, 江苏
235, 黑龙
236, 广东
237, 天津
238, 山东
239, 浙江
240, 北京
241, 江苏
242,林雪
243, 甘肃
244, 吉林
245, 北京
246, 浙江
247, 上海
248, 四川
249,埃斯
250, 广东
251, 黑龙
252, 天津
253, 广东
254, 山东
255, 上海
256, 江苏
257, 湖南
258, 陕西
259, 北京
260,京畿
261, 北京
262,京畿
263, 江苏
264, 湖北
265,神奈
266, 天津
267, 山东
268, 山东
269, 江苏
270, 北京
271, 浙江
272, 江苏
273, 广东
274, 陕西
275, 江苏
276,特拉
277, 北京
278, 湖北
279, 福建
280, 上海
281, 上海
282, 江苏
283, 江苏
284, 上海
285, 江苏
286,特拉
287, 浙江
288, 广东
289, 江苏
290, 湖北
291, 湖北
292, 福建
293, 湖南
294, 北京
295, 江苏
296, 江苏
297, 四川
298, 陕西
299,马萨
300, 北京
301, 北京
302, 广东
303, 广东
304, 广东
305, 北京
306,曼彻
307, 黑龙
308, 福建
309, 上海
310, 江苏
311, 广东
312, 黑龙
313, 吉林
314, 四川
315, 江苏
316, 上海
317, 北京
318,京畿
319, 湖南
320, 江西
321, 重庆
322, 广东
323, 江苏
324, 北京
325, 黑龙
326, 江苏
327, 江苏
328, 陕西
329, 湖北
330, 北京
331, 甘肃
332, 江西
333, 陕西
334, 上海
335,纽约
336, 内蒙
337, 四川
338, 四川
339, 上海
340, 上海
341, 四川
342, 上海
343, 江苏
344, 北京
345, 山东
346, 山东
347, 北京
348, 山东
349, 江苏
350, 陕西
351, 四川
352, 四川
353, 广东
354, 上海
355, 山东
356, 上海
357, 上海
358, 河北
359, 安徽
360, 浙江
361, 江苏
362, 江苏
363, 广东
364,华盛
365,华盛
366, 上海
367, 广东
368, 广东
369, 广东
370, 广东
371, 江苏
372, 广东
373, 北京
374, 重庆
375, 广东
376, 上海
377, 江苏
378, 江苏
379, 陕西
380, 陕西
381, 广东
382, 陕西
383, 陕西
384, 陕西
385, 陕西
386, 河南
387, 北京
388, 河南
389,台湾
390,台湾
391, 上海
392, 陕西
393, 陕西
394, 陕西
395, 陕西
396, 陕西
397, 上海
398, 广西
399, 黑龙
400, 北京
401, 广东
402, 江苏
403, 上海
404, 广东
405, 上海
406, 江苏
407, 北京
408, 江苏
409, 广东
410,特拉
411, 广东
412, 上海
413, 山东
414, 北京
415, 中国
416, 上海
417, 辽宁
418, 江苏
419, 陕西
420, 江苏
421, 浙江
422, 浙江
423, 陕西
424, 陕西
425, 陕西
426, 北京
427, 北京
428, 上海
429, 北京
430, 江苏
431, 上海
432, 四川
433, 北京
434,台湾
435, 广东
436, 福建
437, 四川
438, 江苏
439, 山西
440, 北京
441, 江苏
442, 江苏
443, 上海
444, 陕西
445, 黑龙
446, 北京
447, 广东
448, 黑龙
449, 北京
450, 江苏
451, 山东
452, 北京
453, 北京
454, 安徽
455, 山西
456, 江苏
457,庆尚
458, 山东
459, 江苏
460, 江苏
461, 江苏
462,坡新
463, 江苏
464, 山东
465, 上海
466, 山西
467, 河北
468, 江苏
469, 陕西
470, 浙江
471, 北京
472, 浙江
473, 浙江
474, 浙江
475, 广东
476, 广东
477, 山东
478, 四川
479, 上海
480, 上海
481, 上海
482, 辽宁
483, 陕西
484, 陕西
485, 山西
486, 江苏
487, 江苏
488, 广东
489, 湖南
490, 浙江
491, 湖南
492, 北京
493, 北京
494, 安徽
495, 上海
496, 重庆
497, 陕西
498, 江苏
499, 山西
