,AD
0,410000 湖南省长沙市韶山南路498号
1,350002 福建省福州市杨桥西路155号
2,210000 江苏省南京市孝陵卫200号
3,350108 福建省福州市闽侯县上街镇大学城学园路2号福州大学新区
4,215300 江苏省苏州市昆山市巴城镇诚翔路285号
5,510640 广东省广州市天河区科华街511号
6,430070 湖北省武汉市洪山区珞狮路122号
7,210046 江苏省南京市栖霞区亚东新城区文苑路9号
8,510640 广东省广州市天河区五山路381号
9,230031 安徽省合肥市蜀山区蜀山湖路350号
10,100048 北京市海淀区阜成路11号北京工商大学理学院化学系
11,215400 江苏省苏州市太仓经济开发区青岛西路11号
12,101400 北京市怀柔区北房镇幸福村1号301室
13,200092 上海市杨浦区四平路1239号
14,430000 湖北省武汉市江岸区汉黄路888号岱家山科技创业城11号楼4单元0402室
15,150001 黑龙江省哈尔滨市南岗区南通大街145号哈尔滨工程大学科技处知识产权办公室
16,210046 江苏省南京市栖霞区亚东新城区文苑路9号
17,511400 广东省广州市南沙区环市大道南路25号华工大广州产研院
18,511400 广东省广州市南沙区环市大道南路25号华工大广州产研院
19,610041 四川省成都市一环路南四段16号
20,100875 北京市海淀区新街口外大街19号
21,215400 江苏省苏州市太仓经济开发区青岛西路11号
22,243002 安徽省马鞍山市花山区湖东中路59号
23,200092 上海市杨浦区四平路1239号
24,400714 重庆市北碚区方正大道266号
25,610041 四川省成都市一环路南四段16号
26,430070 湖北省武汉市洪山区珞狮路122号
27,100190 北京市海淀区中关村东路29号
28,300387 天津市西青区宾水西道399号
29,100029 北京市朝阳区北三环东路15号
30,210037 江苏省南京市玄武区龙蟠路159号
31,710062 陕西省西安市长安南路199号
32,541004 广西壮族自治区桂林市七星区金鸡路1号
33,100083 北京市海淀区清华东路35号
34,266071 山东省青岛市宁夏路308号
35,200092 上海市杨浦区四平路1239号
36,215625 江苏省苏州市张家港市锦丰镇(江苏扬子江国际冶金工业园锦绣路1号玖隆物流园)张家港贸安贸易有限公司
37,100083 北京市海淀区清华东路甲35号
38,315000 浙江省宁波市江北区兴甬路128号
39,200092 上海市杨浦区四平路1239号
40,300387 天津市西青区宾水西道399号
41,610047 四川省成都市武侯区长益路11号1栋3层23号
42,300072 天津市南开区卫津路92号
43,310027 浙江省杭州市西湖区浙大路38号
44,518129 广东省深圳市龙岗区坂田华为总部办公楼
45,300071 天津市南开区卫津路94号
46,150080 黑龙江省哈尔滨市南岗区学府路74号
47,541004 广西壮族自治区桂林市建干路12号
48,264000 山东省烟台市芝罘区福青街16-2号
49,315145 浙江省宁波市鄞州区滨海投资创业中心联胜路258号
50,210016 江苏省南京市仙林大学城羊山北路1号
51,100083 北京市海淀区学院路30号
52,100190 北京市海淀区中关村北一条11号
53,100190 北京市海淀区中关村北一条11号
54,266071 山东省青岛市市南区宁夏路308号
55,226019 江苏省南通市啬园路9号
56,315100 浙江省宁波市鄞州区四明东路111号
57,214192 江苏省无锡市锡山经济开发区科技创业园(芙蓉中三路99号)瑞云六座
58,210037 江苏省南京市秦淮区光华东街5号
59,100083 北京市海淀区学院路30号
60,210094 江苏省南京市玄武区孝陵卫200号
61,100084 北京市海淀区100084信箱82分箱清华大学专利办公室
62,中国台湾高雄市楠梓区高楠公路1001号
63,213149 江苏省常州市武进经济开发区祥云路6号
64,315201 浙江省宁波市镇海区中官西路1219号
65,450001 河南省郑州市高新技术开发区科学大道100号
66,215400 江苏省苏州市太仓经济开发区青岛西路11号
67,150000 黑龙江省哈尔滨市松北区世茂滨江新城3期1区D43栋1单元144号
68,518060 广东省深圳市南山区南海大道3688号
69,100875 北京市海淀区新街口外大街19号
70,100875 北京市海淀区新街口外大街19号
71,518055 广东省深圳市南山区留仙大道1183号南山云谷3栋7楼A5
72,210044 江苏省南京市宁六路219号
73,315812 浙江省宁波市大榭开发区环岛东路291号
74,315812 浙江省宁波市大榭开发区环岛东路291号
75,200240 上海市闵行区东川路800号
76,510880 广东省广州市花都区花山镇华侨工业园
77,100190 北京市海淀区中关村北一条11号
78,430062 湖北省武汉市武昌区友谊大道368号
79,215000 江苏省苏州市吴中区旺山工业园天鹅荡路588号4号厂房
80,215000 江苏省苏州市吴中区旺山工业园天鹅荡路588号4号厂房
81,215000 江苏省苏州市吴中区旺山工业园天鹅荡路588号4号厂房
82,100871 北京市海淀区颐和园路5号
83,214000 江苏省无锡市惠山经济开发区智慧路1号清华创新大厦A2005室
84,410000 湖南省长沙市芙蓉区八一路418号昊天大厦1224房
85,250204 山东省济南市章丘市刁镇工业经济开发区
86,430074 湖北省武汉市洪山区雄楚大街693号
87,523000 广东省东莞市莞城东纵大道138号盈锋广场商务楼八楼10-11号
88,541004 广西壮族自治区桂林市建干路12号
89,201620 上海市松江区龙腾路333号
90,450001 河南省郑州市高新区科学大道100号
91,250204 山东省济南市章丘市刁镇工业经济开发区
92,213000 江苏省常州市武进区经济开发区祥云路6号
93,215000 江苏省苏州市吴中区旺山工业园天鹅荡路588号4号厂房
94,541001 广西壮族自治区桂林市秀峰区信义路319号
95,518055 广东省深圳市南山区西丽大学城学苑大道1068号
96,518000 广东省深圳市坪山新区坪山沙ﾈn同富裕工业区
97,110016 辽宁省沈阳市沈河区文化路72号
98,541004 广西壮族自治区桂林市建干路12号
99,210094 江苏省南京市孝陵卫200号
100,200444 上海市宝山区上大路99号
101,美国俄亥俄州
102,300071 天津市南开区卫津路94号
103,美国加利福尼亚州
104,日本大阪府
105,215400 江苏省苏州市太仓市城厢镇人民南路162号
106,215400 江苏省苏州市太仓市城厢镇人民南路162号
107,230001 安徽省合肥市包河区太湖东路9号警民小区二栋503室
108,150001 黑龙江省哈尔滨市南岗区西大直街92号
109,518132 广东省深圳市光明新区塘明大道9—2号
110,150080 黑龙江省哈尔滨市南岗区学府路74号
111,214192 江苏省无锡市锡山经济开发区科技创业园(芙蓉中三路99号)瑞云六座
112,215400 江苏省苏州市太仓市城厢镇人民南路162号
113,100875 北京市海淀区新街口外大街19号
114,650093 云南省昆明市五华区学府路253号
115,100083 北京市海淀区学院路30号
116,200050 上海市长宁区长宁路865号
117,271016 山东省泰安市长城路619号
118,810008 青海省西宁市新宁路18号
119,810008 青海省西宁市新宁路18号
120,810008 青海省西宁市新宁路18号
121,韩国仁川市西欧加佐洞472-2番地
122,453007 河南省新乡市牧野区建设东路46号
123,中国台湾台北市大安区忠孝东路4段325号12楼之1
124,100029 北京市朝阳区北三环东路15号
125,200241 上海市闵行区紫竹高新技术产业开发区紫日路500号
126,510275 广东省广州市新港西路135号
127,201620 上海市松江区松江新城人民北路2999号
128,518055 广东省深圳市南山区西丽大学城学苑大道1068号
129,266000 山东省青岛市市北区金华路36号甲
130,201620 上海市松江区松江新城人民北路2999号
131,210096 江苏省南京市四牌楼2号
132,200237 上海市徐汇区梅陇路130号
133,274000 山东省菏泽市开发区南京路199号
134,274000 山东省菏泽市开发区南京路199号
135,430074 湖北省武汉市洪山区鲁磨路388号
136,274000 山东省菏泽市开发区南京路199号
137,100084 北京市海淀区100084信箱82分箱清华大学专利办公室
138,212013 江苏省镇江市京口区学府路301号
139,518000 广东省深圳市坪山新区坪山沙ﾈn同富裕工业区
140,215400 江苏省苏州市太仓经济开发区青岛西路11号
141,430050 湖北省武汉市汉阳区黄金口工业园金福路8号
142,150080 黑龙江省哈尔滨市南岗区学府路74号
143,430050 湖北省武汉市汉阳区黄金口工业园金福路8号
144,430050 湖北省武汉市汉阳区黄金口工业园金福路8号
145,100190 北京市海淀区中关村北一条11号
146,637000 四川省南充市师大路1号
147,200092 上海市杨浦区四平路1239号
148,518000 广东省深圳市坪山新区坪山沙ﾈn同富裕工业区
149,215300 江苏省苏州市昆山市巴城镇诚翔路285号
150,266000 山东省青岛市城阳区正阳路196号国际商务港办公423
151,300387 天津市西青区宾水西道399号
152,250204 山东省济南市章丘市刁镇工业经济开发区
153,100015 北京市朝阳区酒仙桥北路甲10号201号楼
154,215400 江苏省苏州市太仓市太仓港港口协鑫西路12号
155,315725 浙江省象山县东陈乡旦门村双农1组59号
156,266071 山东省青岛市南海路7号
157,241002 安徽省芜湖市花津南路
158,311121 浙江省杭州市余杭区仓前街道文一西路998号海创园5-506室
159,523000 广东省东莞市大朗镇新园一路141号
160,150000 黑龙江省哈尔滨市南岗区西大直街92号
161,150006 黑龙江省哈尔滨市南岗区西大直街92号哈尔滨工业大学
162,314500 浙江省嘉兴市桐乡市洲泉镇工业园区
163,201620 上海市松江区松江新城人民北路2999号
164,315812 浙江省宁波市高新区扬帆路999弄5号401-4室
165,643000 四川省自贡市汇兴路学苑街180#
166,214122 江苏省无锡市蠡湖大道1800号
167,300072 天津市南开区卫津路92号天津大学
168,210096 江苏省南京市四牌楼2号
169,150000 黑龙江省哈尔滨市南岗区西大直街92号
170,美国田纳西州
171,311121 浙江省杭州市余杭区仓前街道文一西路998号海创园5-506室
172,116024 辽宁省大连市高新园区凌工路2号
173,100190 北京市海淀区中关村北一条11号
174,611731 四川省成都市高新区(西区)西源大道2006号
175,250100 山东省济南市历城区山大南路27号
176,100190 北京市海淀区中关村北一条11号
177,300000 天津市南开区卫津路94号南开大学化学学院
178,214242 江苏省宜兴市西郊工业园振丰东路999号
179,518000 广东省深圳市南山区南海大道海王大厦A座22层
180,518000 广东省深圳市南山区南海大道海王大厦A座22层
181,518000 广东省深圳市南山区南海大道海王大厦A座22层
182,518000 广东省深圳市南山区南海大道海王大厦A座22层
183,100190 北京市海淀区中关村北一条11号
184,215233 江苏省苏州市吴江市震泽镇八都开发区小平大道18号
185,510006 广东省广州市番禺区广州大学城外环西路100号
186,250014 山东省济南市历下区科院路19号
187,250014 山东省济南市历下区科院路19号
188,210096 江苏省南京市四牌楼2号
189,215131 江苏省苏州市相城经济开发区康元路800号
190,215131 江苏省苏州市相城经济开发区康元路800号
191,210094 江苏省南京市孝陵卫200号
192,210094 江苏省南京市孝陵卫200号
193,210094 江苏省南京市孝陵卫200号
194,美国华盛顿
195,311232 浙江省杭州市萧山经济技术开发区桥南区块鸿兴路117号
196,瑞士比尔
197,518000 广东省深圳市福田区莲花路1116号莲花北34-505
198,150000 黑龙江省哈尔滨市南岗区西大直街92号
199,311232 浙江省杭州市萧山经济技术开发区桥南区块鸿兴路117号
200,美国密歇根州迪尔伯恩市
201,453007 河南省新乡市牧野区建设东路46号
202,277600 山东省济宁市微山县开发区创达高科园8号楼
203,350300 福建省福州市福清市融侨开发区光电科技园
204,201501 上海市金山区枫泾镇曹黎路38弄9号
205,200444 上海市宝山区上大路99号
206,400715 重庆市北碚区天生路1号
207,213149 江苏省常州市武进经济开发区祥云路6号
208,212013 江苏省镇江市京口区学府路301号
209,200444 上海市宝山区上大路99号
210,310027 浙江省杭州市西湖区浙大路38号
211,100871 北京市海淀区颐和园路5号
212,226121 江苏省南通市海门市三厂镇大庆路北侧
213,361000 福建省厦门市海沧新阳工业区后祥路188号莹怡工业园
214,321004 浙江省金华市迎宾大道688号(浙江师范大学)
215,518103 广东省深圳市宝安区福永镇桥头村富桥第二工业区9栋
216,212013 江苏省镇江市京口区学府路301号
217,710048 陕西省西安市金花南路5号
218,610500 四川省成都市新都区新都大道8号
219,310027 浙江省杭州市西湖区浙大路38号
220,362000 福建省泉州市丰泽区东海大街398号
221,300387 天津市西青区宾水西道399号
222,213149 江苏省常州市武进经发区绿杨路湖滨壹号售楼处南边201室
223,200240 上海市闵行区东川路800号
224,200444 上海市宝山区上大路99号
225,150080 黑龙江省哈尔滨市南岗区学府路52号
226,710069 陕西省西安市太白北路229号
227,710069 陕西省西安市太白北路229号
228,610054 四川省成都市高新区西源大道2006号
229,450000 河南省郑州市郑东新区农业东路30号13号楼东1单元5层14号
230,401326 重庆市九龙坡区凤笙路15号附3号
231,213000 江苏省常州市武进区南夏墅街道新联村
232,310051 浙江省杭州市滨江区江陵路88号5幢2楼
233,277600 山东省济宁市微山县开发区创达高科园8号楼
234,250353 山东省济南市长清区大学路齐鲁工业大学3501号材料科学与工程学院
235,200444 上海市宝山区上大路99号
236,430074 湖北省武汉市洪山区雄楚大街693号
237,430074 湖北省武汉市洪山区雄楚大街693号
238,518100 广东省深圳市南山区南海大道海王大厦A座22层
239,518100 广东省深圳市南山区南海大道海王大厦A座22层
240,518100 广东省深圳市南山区南海大道海王大厦A座22层
241,518100 广东省深圳市南山区南海大道海王大厦A座22层
242,518100 广东省深圳市南山区南海大道海王大厦A座22层
243,518100 广东省深圳市南山区南海大道海王大厦A座22层
244,211189 江苏省南京市江宁区东南大学路2号
245,300000 天津市南开区卫津路94号南开大学化学学院
246,621000 四川省绵阳市科创园区园艺街20号
247,430070 湖北省武汉市洪山区珞狮路122号
248,300072 天津市南开区卫津路92号
249,210094 江苏省南京市孝陵卫200号
250,130022 吉林省长春市卫星路7989号
251,美国华盛顿州
252,430074 湖北省武汉市洪山区珞喻路1037号
253,330000 江西省南昌市红谷滩新区学府大道999号
254,210000 江苏省南京市建邺区彩虹苑6号3幢102室
255,230026 安徽省合肥市包河区金寨路96号
256,150001 黑龙江省哈尔滨市南岗区西大直街92号
257,528325 广东省佛山市顺德区杏坛镇科技一路13号
258,130012 吉林省长春市前进大街2699号
259,430070 湖北省武汉市洪山区珞狮路122号
260,518060 广东省深圳市南山区南海大道3688号
261,100190 北京市海淀区中关村北一条11号
262,541004 广西壮族自治区桂林市建干路12号
263,310014 浙江省杭州市下城区潮王路18号
264,200241 上海市闵行区江川东路28号
265,710021 陕西省西安市未央区大学园区陕西科技大学
266,200240 上海市闵行区东川路800号
267,611731 四川省成都市高新区(西区)西源大道2006号
268,266071 山东省青岛市市南区宁夏路308号
269,213149 江苏省常州市武进经发区绿杨路湖滨壹号售楼处南边二楼
270,629300 四川省遂宁市大英县工业集中发展区
271,310058 浙江省杭州市西湖区余杭塘路866号
272,310058 浙江省杭州市西湖区余杭塘路866号
273,710048 陕西省西安市碑林区金花南路19号
274,518000 广东省深圳市南山区南海大道海王大厦A座22层
275,518000 广东省深圳市南山区南海大道海王大厦A座22层
276,518000 广东省深圳市南山区南海大道海王大厦A座22层
277,214171 江苏省无锡市惠山经济开发区智慧路1号清华创新大厦A2005
278,200240 上海市闵行区紫月路1299号
279,215129 江苏省苏州市虎丘区运河路39号
280,650093 云南省昆明市五华区学府路253号
281,250353 山东省济南市长清区大学路齐鲁工业大学3501号材料科学与工程学院
282,650093 云南省昆明市五华区学府路253号
283,200237 上海市徐汇区梅陇路130号
284,350108 福建省福州市闽侯县上街镇大学城学园路2号福州大学新区
285,528325 广东省佛山市顺德区杏坛镇科技一路13号
286,230000 安徽省合肥市新站区瑶海工业园纬D路7号
287,100083 北京市朝阳区北沙滩1号院
288,100194 北京市海淀区友谊路104号
289,310027 浙江省杭州市浙大路38号
290,518129 广东省深圳市龙岗区坂田华为总部办公楼
291,518100 广东省深圳市南山区南海大道海王大厦A座22层
292,518000 广东省深圳市南山区南海大道海王大厦A座22层
293,266111 山东省青岛市城阳区青大工业园丰园路中段
294,150001 黑龙江省哈尔滨市南岗区西大直街92号
295,410100 湖南省长沙市长沙经济技术开发区东十一路9号物丰机电产业园
296,266111 山东省青岛市城阳区青大工业园丰园路中段
297,266111 山东省青岛市城阳区青大工业园丰园路中段
298,518100 广东省深圳市南山区南海大道海王大厦A座22层
299,310027 浙江省杭州市浙大路38号
300,266111 山东省青岛市城阳区青大工业园丰园路中段
301,266111 山东省青岛市城阳区青大工业园丰园路中段
302,266111 山东省青岛市城阳区青大工业园丰园路中段
303,266111 山东省青岛市城阳区青大工业园丰园路中段
304,266111 山东省青岛市城阳区青大工业园丰园路中段
305,310027 浙江省杭州市浙大路38号
306,310027 浙江省杭州市浙大路38号
307,310027 浙江省杭州市浙大路38号
308,310027 浙江省杭州市浙大路38号
309,310027 浙江省杭州市浙大路38号
310,310027 浙江省杭州市浙大路38号
311,310027 浙江省杭州市浙大路38号
312,310027 浙江省杭州市浙大路38号
313,250353 山东省济南市长清区大学路3501号齐鲁工业大学材料科学与工程学院
314,310027 浙江省杭州市浙大路38号
315,310027 浙江省杭州市浙大路38号
316,310027 浙江省杭州市浙大路38号
317,310027 浙江省杭州市浙大路38号
318,150001 黑龙江省哈尔滨市南岗区西大直街92号
319,150001 黑龙江省哈尔滨市南岗区南通大街145号哈尔滨工程大学科技处知识产权办公室
320,210000 江苏省南京市新港经济技术开发区恒达路3号
321,310027 浙江省杭州市浙大路38号
322,361005 福建省厦门市思明南路422号
323,310027 浙江省杭州市浙大路38号
324,150001 黑龙江省哈尔滨市南岗区南通大街145号哈尔滨工程大学科技处知识产权办公室
325,130022 吉林省长春市朝阳区卫星路7089号
326,210000 江苏省南京市新港经济技术开发区恒达路3号
327,410081 湖南省长沙市岳麓区麓山路36号
328,美国加州奥克兰市
329,413002 湖南省益阳市龙岭工业园团山路
330,201620 上海市松江区松江新城人民北路2999号
331,225526 江苏省泰州市姜堰区梁徐双登科工园1号
332,518100 广东省深圳市南山区南海大道海王大厦A座22层
333,310027 浙江省杭州市浙大路38号
334,518100 广东省深圳市南山区南海大道海王大厦A座22层
335,200240 上海市闵行区东川路800号
336,150080 黑龙江省哈尔滨市南岗区学府路74号
337,116086 辽宁省大连市甘井子区凌工路2号
338,430074 湖北省武汉市洪山区雄楚大街693号
339,150001 黑龙江省哈尔滨市南岗区西大直街92号
340,310027 浙江省杭州市浙大路38号
341,310027 浙江省杭州市浙大路38号
342,310027 浙江省杭州市浙大路38号
343,310027 浙江省杭州市浙大路38号
344,310027 浙江省杭州市浙大路38号
345,310027 浙江省杭州市浙大路38号
346,美国马里兰州
347,102206 北京市昌平区回龙观北农路2号
348,102206 北京市昌平区回龙观北农路2号
349,310036 浙江省杭州市下沙经济开发区学林路16号
350,350300 福建省福州市福清市融侨开发区光电科技园
351,213000 江苏省常州市武进区南夏墅街道新联村
352,310027 浙江省杭州市浙大路38号
353,310027 浙江省杭州市浙大路38号
354,410000 湖南省长沙市芙蓉区八一路418号昊天大厦1224房
355,100083 北京市海淀区学院路30号
356,233600 安徽省亳州市涡阳县城关镇涡河东路115-136号
357,100176 北京市大兴区北京经济技术开发区锦绣街6号航天科技园
358,211106 江苏省南京市江宁区将军大道29号
359,215000 江苏省苏州市吴中区旺山工业园天鹅荡路588号4号厂房
360,100190 北京市海淀区中关村北一条11号
361,518106 广东省深圳市光明新区公明办事处西田社区贝特瑞工业园深圳市贝特瑞纳米科技有限公司
362,030051 山西省太原市学院路3号
363,066004 河北省秦皇岛市海港区河北大街西段438号
364,215000 江苏省苏州市吴中区木渎镇珠江南路368号
365,239000 安徽省滁州市南谯工业开发区城南科技园
366,250353 山东省济南市长清区大学路3501号齐鲁工业大学材料科学与工程学院
367,361005 福建省厦门市思明南路422号
368,210097 江苏省南京市鼓楼区宁海路122号
369,274000 山东省菏泽市开发区南京路199号
370,266071 山东省青岛市市南区宁夏路308号
371,274000 山东省菏泽市开发区南京路199号
372,430070 湖北省武汉市洪山区珞狮路122号
373,510640 广东省广州市天河区五山路381号
374,450002 河南省郑州市金水区东风路5号
375,150001 黑龙江省哈尔滨市南岗区南通大街145号哈尔滨工程大学科技处知识产权办公室
376,310018 浙江省杭州市下沙高教园区2号大街
377,116023 辽宁省大连市中山路457号
378,200444 上海市宝山区上大路99号
379,100176 北京市大兴区北京经济技术开发区锦绣街6号航天科技园
380,100029 北京市朝阳区北三环东路15号
381,200433 上海市杨浦区邯郸路220号
382,100029 北京市朝阳区北三环东路15号
383,410082 湖南省长沙市河西岳麓山湖南大学环境科学与工程学院
384,213000 江苏省常州市天宁经济开发区华阳南路9号
385,210037 江苏省南京市玄武区龙蟠路159号
386,300071 天津市南开区卫津路94号
387,100850 北京市海淀区太平路27号
388,266000 山东省青岛市闽江路22号
389,300071 天津市南开区卫津路94号
390,710032 陕西省西安市长乐西路127号
391,361000 福建省厦门市思明南路422号
392,200234 上海市徐汇区桂林路100号
393,266000 山东省青岛市闽江路22号
394,201620 上海市松江区松江新城人民北路2999号
395,200444 上海市宝山区上大路99号
396,214000 江苏省无锡市惠山经济开发区智慧路1号清华创新大厦A2005室
397,100191 北京市海淀区花园路2号
398,100871 北京市海淀区颐和园路5号
399,200433 上海市杨浦区邯郸路220号
400,200234 上海市徐汇区桂林路100号
401,050051 河北省石家庄市合作路113号
402,510006 广东省广州市番禺区广州大学城外环西路100号
403,212013 江苏省镇江市京口区学府路301号
404,518000 广东省深圳市南山区高新技术产业园区中区M-6栋三层二区
405,200444 上海市宝山区上大路99号
406,韩国京畿道
407,200050 上海市长宁区长宁路865号
408,200050 上海市长宁区长宁路865号
409,200433 上海市杨浦区邯郸路220号
410,200433 上海市杨浦区邯郸路220号
411,200433 上海市杨浦区邯郸路220号
412,200433 上海市杨浦区邯郸路220号
413,200433 上海市杨浦区邯郸路220号
414,210016 江苏省南京市秦淮区御道街29号
415,350002 福建省福州市鼓楼区工业路523号
416,212013 江苏省镇江市京口区学府路301号
417,212013 江苏省镇江市京口区学府路301号
418,200050 上海市长宁区长宁路865号
419,200050 上海市长宁区长宁路865号
420,美国纽约
421,310027 浙江省杭州市西湖区浙大路38号
422,310027 浙江省杭州市西湖区浙大路38号
423,410073 湖南省长沙市开福区砚瓦池正街47号中国人民解放军国防科学技术大学计算机学院微电子与微处理器研究所
424,214000 江苏省无锡市惠山经济开发区智慧路1号清华创新大厦A2005室
425,528437 广东省中山市火炬开发区火炬路22号之一
426,300072 天津市南开区卫津路92号
427,100083 北京市海淀区清华东路甲35号
428,310027 浙江省杭州市西湖区浙大路38号
429,212013 江苏省镇江市京口区学府路301号
430,310018 浙江省杭州市下沙高教园区学源街258号
431,310018 浙江省杭州市下沙高教园区学源街258号
432,310018 浙江省杭州市下沙高教园区学源街258号
433,310018 浙江省杭州市下沙高教园区学源街258号
434,韩国京畿道
435,050051 河北省石家庄市合作路113号
436,200444 上海市宝山区上大路99号
437,210093 江苏省南京市鼓楼区汉口路22号
438,100015 北京市朝阳区酒仙桥路10号
439,518000 广东省深圳市宝安区石岩街道塘头社区塘头工业园恒通发工业区厂房4栋2、4、5楼；南岗第三工业园第15栋厂房5楼
440,518000 广东省深圳市宝安区石岩街道塘头社区塘头工业园恒通发工业区厂房4栋2、4、5楼；南岗第三工业园第15栋厂房5楼
441,401329 重庆市九龙坡区金凤镇凤笙路15号附3号
442,611731 四川省成都市高新区(西区)西源大道2006号
443,410081 湖南省长沙市岳麓区麓山路36号
444,214000 江苏省无锡市惠山经济开发区智慧路1号清华创新大厦A2005室
445,美国纽约
446,美国纽约
447,401122 重庆市北碚区水土镇水土高新园方正大道266号
448,541004 广西壮族自治区桂林市金鸡路1号
449,韩国京畿道
450,611731 四川省成都市高新区(西区)西源大道2006号
451,541004 广西壮族自治区桂林市金鸡路1号
452,210023 江苏省南京市亚东新城区文苑路9号
453,214171 江苏省无锡市惠山经济开发区智慧路1号清华创新大厦A2005
454,471009 河南省洛阳市解放路166号
455,250103 山东省济南市历城区经十东路30766号力诺科技园
456,214181 江苏省无锡市惠山区前洲街道洛洲路8号
457,韩国京畿道
458,510006 广东省广州市番禺区广州大学城外环西路100号
459,213000 江苏省常州市武进区经济开发区腾龙路2号
460,410000 湖南省长沙市高新开发区文轩路27号麓谷钰园第A3栋N单元102号房
461,310058 浙江省杭州市西湖区余杭塘路866号
462,310058 浙江省杭州市西湖区余杭塘路866号
463,310058 浙江省杭州市西湖区余杭塘路866号
464,挪威特隆赫姆
465,410015 湖南省长沙市天心区赤岭路45号
466,221700 江苏省徐州市丰县侯园小区33号楼2单元501室
467,200444 上海市宝山区上大路99号
468,200433 上海市杨浦区邯郸路220号
469,215400 江苏省苏州市太仓市城厢镇人民南路162号
0,224007 江苏省盐城市经济开发区东环路69号
1,美国纽约州
2,330031 江西省南昌市红谷滩新区学府大道999号
3,212013 江苏省镇江市京口区学府路301号
4,210093 江苏省南京市汉口路22号
5,350002 福建省福州市鼓楼区工业路523号
6,610000 四川省成都市高新区(西区)西源大道2006号
7,201620 上海市松江区人民北路2999号
8,110016 辽宁省沈阳市沈河区文化路72号
9,150006 黑龙江省哈尔滨市南岗区西大直街92号
10,266061 山东省青岛市松岭路99号青岛科技大学高分子学院
11,310036 浙江省杭州市下沙经济开发区学林路16号
12,110016 辽宁省沈阳市沈河区文化路72号
13,200433 上海市杨浦区邯郸路220号
14,518000 广东省深圳市南山区南海大道海王大厦A座22层
15,518000 广东省深圳市南山区南海大道海王大厦A座22层
16,315201 浙江省宁波市镇海区庄市大道519号
17,518100 广东省深圳市南山区南海大道海王大厦A座22层
18,518100 广东省深圳市南山区南海大道海王大厦A座22层
19,518100 广东省深圳市南山区南海大道海王大厦A座22层
20,518100 广东省深圳市南山区南海大道海王大厦A座22层
21,518100 广东省深圳市南山区南海大道海王大厦A座22层
22,518100 广东省深圳市南山区南海大道海王大厦A座22层
23,471003 河南省洛阳市涧西区西苑路48号
24,330013 江西省南昌市昌北开发区枫林大道3号
25,200241 上海市闵行区东川路500号
26,471003 河南省洛阳市涧西区西苑路48号
27,300072 天津市南开区卫津路92号
28,518100 广东省深圳市南山区南海大道海王大厦A座22层
29,510640 广东省广州市天河区五山路381号
30,130022 吉林省长春市人民大街5625号
31,210009 江苏省南京市鼓楼区新模范马路5号
32,150001 黑龙江省哈尔滨市南岗区西大直街92号
33,100190 北京市海淀区北四环西路19号
34,315311 浙江省宁波市慈溪市慈东滨海区天叙路1号
35,215123 江苏省苏州市工业园区仁爱路199号
36,150080 黑龙江省哈尔滨市南岗区学府路74号
37,214122 江苏省无锡市蠡湖大道1800号
38,212013 江苏省镇江市学府路301号
39,223100 江苏省淮安市洪泽县蒋坝镇江苏省洪泽湖水利工程管理处
40,212013 江苏省镇江市京口区学府路301号
41,210046 江苏省南京市栖霞区仙林大学城鸿雁名居17栋103
42,214242 江苏省无锡市宜兴市西郊工业园振丰东路999号
43,200235 上海市徐汇区漕宝路120号
44,518000 广东省深圳市南山区南山大道学府路桃苑公寓810
45,411105 湖南省湘潭市雨湖区羊牯塘27号
46,710024 陕西省西安市西安市69信箱
47,710071 陕西省西安市太白南路2号西安电子科技大学
48,710049 陕西省西安市咸宁西路28号
49,130012 吉林省长春市前进大街2699号
50,266580 山东省青岛市山东青岛经济技术开发区长江西路66号
51,315311 浙江省宁波市慈溪市慈东滨海区天叙路1号
52,215000 江苏省苏州市相城区北桥街道石桥村
53,518000 广东省深圳市南山区南海大道海王大厦A座22层
54,518100 广东省深圳市南山区南海大道海王大厦A座22层
55,518100 广东省深圳市南山区南海大道海王大厦A座22层
56,518100 广东省深圳市南山区南海大道海王大厦A座22层
57,730070 甘肃省兰州市安宁区安宁东路967号
58,518100 广东省深圳市南山区南海大道海王大厦A座22层
59,518000 广东省深圳市南山区南海大道海王大厦A座22层
60,518000 广东省深圳市南山区南海大道海王大厦A座22层
61,212003 江苏省镇江市梦溪路2号
62,100069 北京市丰台区右安门外西头条10号
63,710071 陕西省西安市太白南路2号西安电子科技大学
64,430074 湖北省武汉市洪山区雄楚大街693号
65,710071 陕西省西安市太白南路2号西安电子科技大学
66,200433 上海市杨浦区邯郸路220号
67,430074 湖北省武汉市洪山区雄楚大街693号
68,110016 辽宁省沈阳市沈河区文化路72号
69,211600 江苏省淮安市金湖县西苑新村11幢3单元405室
70,212013 江苏省镇江市京口区学府路301号
71,510080 广东省广州市越秀区中山二路58号
72,212003 江苏省镇江市梦溪路2号
73,212003 江苏省镇江市梦溪路2号
74,350108 福建省福州市闽侯县上街镇学园路福建师大旗山校区福建师大科技处
75,226000 江苏省南通市崇川区青年东路139号
76,201105 上海市闵行区航华四村96号102室
77,201105 上海市闵行区航华四村96号102室
78,212013 江苏省镇江市京口区学府路301号
79,350002 福建省福州市鼓楼区工业路523号
80,243002 安徽省马鞍山市花山区湖东路59号
81,212013 江苏省镇江市京口区学府路301号
82,110016 辽宁省沈阳市沈河区文化路72号
83,361000 福建省厦门市思明区水仙路33号海光大厦24C
84,200241 上海市闵行区东川路500号
85,100049 北京市石景山区玉泉路19号乙
86,美国特拉华州
87,212013 江苏省镇江市京口区学府路301号
88,315201 浙江省宁波市镇海区中官西路1219号
89,315217 浙江省宁波市鄞州区云龙镇前后陈工业园区4号厂房(宁波今山电子材料有限公司)
90,226000 江苏省南通市海安县孙庄镇夏岔村14组
91,410014 湖南省长沙市雨花区万家丽南路二段960号
92,410014 湖南省长沙市雨花区万家丽南路二段960号
93,212003 江苏省镇江市梦溪路2号
94,100190 北京市海淀区中关村北一条11号
95,213000 江苏省常州市天宁区中吴大道兰陵尚品8幢甲单元1002
96,518000 广东省深圳市南山区南海大道海王大厦A座22层
97,518000 广东省深圳市南山区南海大道海王大厦A座22层
98,518100 广东省深圳市南山区南海大道海王大厦A座22层
99,518100 广东省深圳市南山区南海大道海王大厦A座22层
100,213000 江苏省常州市天宁区中吴大道兰陵尚品8幢甲单元1002
101,518100 广东省深圳市南山区南海大道海王大厦A座22层
102,518000 广东省深圳市南山区南海大道海王大厦A座22层
103,200433 上海市杨浦区邯郸路220号
104,518000 广东省深圳市南山区南海大道海王大厦A座22层
105,中国台湾新竹县湖口乡
106,中国台湾新竹县湖口乡
107,210093 江苏省南京市鼓楼区汉口路22号
108,266033 山东省青岛市四方区台柳路133号甲705房间
109,238100 安徽省马鞍山市含山县经济开发区天谷路18号
110,210005 江苏省南京市浦口区经济开发区虎桥东路1号
111,610212 四川省成都市高新区中和大道一段90号
112,212003 江苏省镇江市梦溪路2号
113,215634 江苏省苏州市张家港环保新材料产业园晨港路北侧、港华路西侧张家港康得新光电材料有限公司
114,510663 广东省广州市高新技术产业开发区科学城科丰路33号
115,510663 广东省广州市高新技术产业开发区科学城科丰路33号
116,510663 广东省广州市高新技术产业开发区科学城科丰路33号
117,300072 天津市南开区卫津路92号
118,214122 江苏省无锡市蠡湖大道1800号江南大学化学与材料工程学院
119,310027 浙江省杭州市西湖区余杭塘路866号
120,瑞典希斯塔
121,200050 上海市长宁区长宁路865号
122,102600 北京市大兴区兴华大街二段1号
123,212003 江苏省镇江市梦溪路2号
124,210000 江苏省南京市建邺区彩虹苑6号3幢102室
125,330031 江西省南昌市红谷滩新区学府大道999号
126,201800 上海市嘉定区800－211邮政信箱
127,330063 江西省南昌市丰和南大道696号
128,410081 湖南省长沙市岳麓区麓山路36号
129,100875 北京市新街口外大街19号
130,321004 浙江省金华市迎宾大道688号
131,518100 广东省深圳市南山区南海大道海王大厦A座22层
132,200241 上海市闵行区紫月路1299号
133,518000 广东省深圳市南山区南海大道海王大厦A座22层
134,518000 广东省深圳市南山区南海大道海王大厦A座22层
135,518052 广东省深圳市南山区南海大道海王大厦A座22层
136,518052 广东省深圳市南山区南海大道海王大厦A座22层
137,518000 广东省深圳市南山区南海大道海王大厦A座22层
138,518000 广东省深圳市南山区南海大道海王大厦A座22层
139,518000 广东省深圳市南山区南海大道海王大厦A座22层
140,150001 黑龙江省哈尔滨市南岗区西大直街92号
141,518100 广东省深圳市南山区南海大道海王大厦A座22层
142,518100 广东省深圳市南山区南海大道海王大厦A座22层
143,518000 广东省深圳市南山区南海大道海王大厦A座22层
144,518100 广东省深圳市南山区南海大道海王大厦A座22层
145,200241 上海市闵行区紫竹高新技术产业开发区紫日路500号
146,100124 北京市朝阳区平乐园100号
147,232001 安徽省淮南市舜耕中路168号
148,266071 山东省青岛市南海路7号
149,410083 湖南省长沙市麓山南路932号
150,211169 江苏省南京市江宁区弘景大道99号
151,200240 上海市闵行区江川路690号
152,214000 江苏省无锡市惠山经济开发区智慧路1号清华创新大厦A2005室
153,350002 福建省福州市鼓楼区工业路523号
154,200050 上海市长宁区长宁路865号
155,224007 江苏省盐城市经济开发区东环路69号
156,310027 浙江省杭州市西湖区浙大路38号
157,213149 江苏省常州市武进经济开发区祥云路6号
158,213149 江苏省常州市武进经济开发区祥云路6号
159,518055 广东省深圳市南山区西丽大学城学苑大道1068号
160,030001 山西省太原市迎泽区桃园南路27号
161,300387 天津市西青区宾水西道399号
162,中国台湾新北市土城区承天路6号
163,272000 山东省济宁市国家高新技术产业开发区崇文大道产学研基地A5楼
164,300072 天津市南开区卫津路92号
165,226000 江苏省南通市海安县孙庄镇夏岔村14组
166,226000 江苏省南通市海安县孙庄镇夏岔村14组
167,518106 广东省深圳市光明新区公明办事处西田社区贝特瑞工业园深圳市贝特瑞纳米科技有限公司
168,310018 浙江省杭州市江干区下沙高教园区学源街258号
169,美国得克萨斯
170,英国泰恩河纽卡斯尔
171,日本神奈川县厚木市
172,400044 重庆市沙坪坝区沙坪坝正街174号
173,300071 天津市南开区卫津路94号南开大学化学学院
174,271016 山东省泰安市长城路619号
175,710100 陕西省西安市长安区长安街620号
176,212003 江苏省镇江市京口区梦溪路2号
177,211800 江苏省南京市浦口区万寿路15号南京工大科技产业园A区C1幢403室
178,201210 上海市浦东新区宣桥镇南六公路725号108室内-8
179,518106 广东省深圳市光明新区公明办事处西田社区贝特瑞工业园深圳市贝特瑞纳米科技有限公司
180,200050 上海市长宁区长宁路865号
181,200050 上海市长宁区长宁路865号
182,100190 北京市海淀区中关村北一街2号
183,400044 重庆市沙坪坝区沙正街174号
184,430074 湖北省武汉市洪山区珞喻路1037号
185,523000 广东省东莞市南城区体育路15号8楼
186,266003 山东省青岛市市南区鱼山路5号
187,361026 福建省厦门市海沧区马青路1268号
188,243181 安徽省马鞍山市当涂县太白工业园区
189,212013 江苏省镇江市京口区学府路301号
190,300387 天津市西青区宾水西道393号
191,200092 上海市杨浦区四平路1239号
192,201210 上海市浦东新区宣桥镇南六公路725号108室内-8
193,410082 湖南省长沙市岳麓区麓山南路1号
194,241009 安徽省芜湖市弋江区高新技术产业开发区金山路6号
195,541004 广西壮族自治区桂林市建干路12号
196,401122 重庆市北碚区水土镇水土高新园方正大道266号
197,523000 广东省东莞市厚街镇桥头桥林路五十米大路3号2楼
198,430070 湖北省武汉市洪山区珞狮路122号
199,美国佛蒙特州
200,100192 北京市海淀区清河小营东路15号
201,545006 广西壮族自治区柳州市东环路268号
202,518106 广东省深圳市光明新区公明办事处西田社区贝特瑞工业园深圳市贝特瑞纳米科技有限公司
203,400044 重庆市沙坪坝区沙正街174号
204,510275 广东省广州市海珠区新港西路135号
205,300072 天津市南开区卫津路92号
206,401122 重庆市北部新区金渝大道85号汉国中心B座
207,日本神奈川县
208,韩国大田广域市
209,美国爱达荷州
210,韩国京畿道
211,214174 江苏省无锡市惠山区惠山大道88号明都大厦1号门2201室
212,315201 浙江省宁波市镇海区中官西路1219号
213,100124 北京市朝阳区平乐园100号
214,252059 山东省聊城市东昌府区湖南路1号
215,100871 北京市海淀区颐和园路5号
216,日本神奈川县厚木市
217,224007 江苏省盐城市经济技术开发区东环路69号
218,362000 福建省泉州市丰泽区城东华侨大学
219,美国纽约州
220,250100 山东省济南市历城区山大南路27号
221,510080 广东省广州市越秀区东风东路水均岗8号
222,300401 天津市北辰区双口镇西平道5340号河北工业大学
223,212013 江苏省镇江市学府路301号
224,430074 湖北省武汉市洪山区珞喻路1037号
225,315311 浙江省宁波市慈溪市慈东滨海区天叙路1号
226,224000 江苏省盐城市城南新区新都街道阜宁高等师范学校
227,224000 江苏省盐城市城南新区新都街道阜宁高等师范学校
228,210038 江苏省南京市经济技术开发区恒飞路8号
229,224000 江苏省盐城市城南新区新都街道阜宁高等师范学校
230,224000 江苏省盐城市城南新区新都街道阜宁高等师范学校
231,224000 江苏省盐城市城南新区新都街道阜宁高等师范学校
232,224001 江苏省盐城市城南新区新都街道办事处新跃路2号
233,224001 江苏省盐城市城南新区新都街道办事处新跃路2号
234,224001 江苏省盐城市城南新区新都街道办事处新跃路2号
235,116000 辽宁省大连市西岗区凤鸣街44-5
236,214242 江苏省无锡市宜兴市西郊工业园振丰东路999号
237,200240 上海市闵行区东川路800号
238,410082 湖南省长沙市岳麓区麓山南路2号
239,116021 辽宁省大连市甘井子区凌工路2号
240,518055 广东省深圳市南山区西丽大学城学苑大道1068号
241,200240 上海市闵行区东川路800号
242,221116 江苏省徐州市大学路1号中国矿业大学南湖校区
243,210093 江苏省南京市鼓楼区汉口路22号
244,266590 山东省青岛市经济技术开发区前湾港路579号
245,518000 广东省深圳市南山区南海大道海王大厦A座22层
246,518000 广东省深圳市南山区南海大道海王大厦A座22层
247,中国台湾新竹县湖口乡
248,224000 江苏省盐城市城南新区新都街道办事处新跃路2号
249,224000 江苏省盐城市城南新区新都街道办事处新跃路2号
250,224000 江苏省盐城市城南新区新都街道办事处新跃路2号
251,224001 江苏省盐城市城南新区新都街道办事处新跃路2号
252,224001 江苏省盐城市城南新区新都街道办事处新跃路2号
253,224001 江苏省盐城市城南新区新都街道办事处新跃路2号
254,224001 江苏省盐城市城南新区新都街道办事处新跃路2号
255,116029 辽宁省大连市沙河口区黄河路850号
256,100029 北京市朝阳区北三环东路15号
257,030001 山西省太原市迎泽区桃园南路27号
258,224001 江苏省盐城市城南新区新都街道办事处新跃路2号
259,224001 江苏省盐城市城南新区新都街道办事处新跃路2号
260,224001 江苏省盐城市城南新区新都街道办事处新跃路2号
261,224001 江苏省盐城市城南新区新都街道办事处新跃路2号
262,266003 山东省青岛市市南区鱼山路5号
263,200050 上海市长宁区长宁路865号
264,161006 黑龙江省齐齐哈尔市文化大街42号
265,210038 江苏省南京市经济技术开发区恒飞路8号
266,201620 上海市松江区人民北路2999号
267,315311 浙江省宁波市慈溪市慈东滨海区天叙路1号
268,315311 浙江省宁波市慈溪市慈东滨海区天叙路1号
269,315311 浙江省宁波市慈溪市慈东滨海区天叙路1号
270,315311 浙江省宁波市慈溪市慈东滨海区天叙路1号
271,200241 上海市闵行区紫竹高新技术产业开发区紫日路500号
272,266071 山东省青岛市崂山区香港东路7号
273,美国特拉华州
274,215634 江苏省苏州市张家港环保新材料产业园晨港路北侧港华路西侧张家港康得新光电材料有限公司
275,215021 江苏省苏州市工业园区苏惠路98号
276,430070 湖北省武汉市洪山区珞狮路122号
277,200050 上海市长宁区长宁路865号
278,200240 上海市闵行区东川路800号
279,210029 江苏省南京市凤凰西街241号
280,德国蒙海姆
281,215131 江苏省苏州市相城经济开发区康元路800号
282,215131 江苏省苏州市相城经济开发区康元路800号
283,518000 广东省深圳市宝安区沙井新和大道坤宏大厦216室
284,518000 广东省深圳市南山区南海大道海王大厦A座22层
285,518000 广东省深圳市南山区南海大道海王大厦A座22层
286,310018 浙江省杭州市江干区下沙高教园区学源街258号
287,518000 广东省深圳市南山区南海大道海王大厦A座22层
288,310018 浙江省杭州市江干区下沙高教园区学源街258号
289,257091 山东省东营市东营区东城商贸城2号地段A段东浦中心四楼
290,518132 广东省深圳市光明新区塘明大道9—2号
291,528308 广东省佛山市顺德区伦教工业区新熹三路北6号
292,200444 上海市宝山区上大路99号
293,200234 上海市徐汇区桂林路100号
294,201821 上海市嘉定区普惠路200号
295,528437 广东省中山市火炬开发区火炬路22号明阳工业园
296,225300 江苏省泰州市海陵区口泰路88号
297,200237 上海市徐汇区梅陇路130号
298,110016 辽宁省沈阳市沈河区文化路72号
299,518000 广东省深圳市南山区南海大道海王大厦A座22层
300,518000 广东省深圳市南山区南海大道海王大厦A座22层
301,518000 广东省深圳市南山区南海大道海王大厦A座22层
302,518000 广东省深圳市南山区南海大道海王大厦A座22层
303,518100 广东省深圳市南山区南海大道海王大厦A座22层
304,518000 广东省深圳市南山区南海大道海王大厦A座22层
305,224007 江苏省盐城市经济技术开发区东环路69号
306,102249 北京市昌平区府学路18号
307,510642 广东省广州市天河区五山路483号
308,830063 新疆维吾尔自治区乌鲁木齐市南湖北路116号新疆出入境检验检疫局
309,312000 浙江省绍兴市环城西路508号
310,621000 四川省绵阳市科创园区园艺街20号
311,213000 江苏省常州市新北区华山路18号3-405
312,230031 安徽省合肥市蜀山湖路350号
313,200092 上海市杨浦区四平路1239号
314,242500 安徽省宣城市泾县经济开发区桃花潭东路
315,200240 上海市闵行区东川路800号
316,100876 北京市海淀区西土城路10号
317,410082 湖南省长沙市岳麓区麓山南路2号
318,200093 上海市杨浦区军工路516号
319,621700 四川省绵阳市江油市华丰新村9号
320,210098 江苏省南京市西康路1号
321,510631 广东省广州市大学城华南师范大学化学与环境学院
322,710021 陕西省西安市未央大学园区
323,224007 江苏省盐城市经济技术开发区东环路69号
324,213200 江苏省常州市金坛经济开发区华丰路2号
325,510006 广东省广州市番禺区广州大学城外环西路100号
326,224007 江苏省盐城市经济技术开发区东环路69号
327,150060 黑龙江省哈尔滨市平房区哈南一路9号
328,610065 四川省成都市武侯区一环路南一段24号
329,317000 浙江省台州市临海市经济开发区柏叶中路
330,150000 黑龙江省哈尔滨市南岗区西大直街92号
331,400030 重庆市沙坪坝区沙正街174号
332,150001 黑龙江省哈尔滨市南岗区西大直街92号
333,150001 黑龙江省哈尔滨市南岗区西大直街92号
334,243100 安徽省马鞍山市当涂县黄池镇亭头乡
335,150001 黑龙江省哈尔滨市南岗区西大直街92号
336,200240 上海市闵行区东川路800号
337,252059 山东省聊城市东昌府区湖南路1号
338,518000 广东省深圳市南山区南海大道海王大厦A座22层
339,518000 广东省深圳市南山区南海大道海王大厦A座22层
340,518000 广东省深圳市南山区南海大道海王大厦A座22层
341,518000 广东省深圳市南山区南海大道海王大厦A座22层
342,201620 上海市松江区松江新城人民北路2999号
343,518000 广东省深圳市南山区南海大道海王大厦A座22层
344,518000 广东省深圳市南山区南海大道海王大厦A座22层
345,214242 江苏省宜兴市西郊工业园振丰东路999号
346,518000 广东省深圳市南山区南海大道海王大厦A座22层
347,200092 上海市杨浦区四平路1239号
348,100015 北京市朝阳区酒仙桥路10号
349,610031 四川省成都市二环路北一段111号
350,100871 北京市海淀区中关村颐和园路5号
351,214000 江苏省无锡市惠山经济开发区智慧路1号清华创新大厦A2005室
352,213149 江苏省常州市武进经济开发区祥云路6号
353,213149 江苏省常州市武进经济开发区腾龙路2号
354,215000 江苏省苏州市苏州工业园区仁爱路99号D区212室
355,200050 上海市长宁区长宁路865号
356,200241 上海市闵行区江川东路28号
357,362000 福建省泉州台商投资区行政办公大楼5楼
358,362000 福建省泉州台商投资区行政办公大楼5楼
359,362000 福建省泉州台商投资区行政办公大楼5楼
360,116000 辽宁省大连市西岗区八一路206号市民文化活动中心
361,518053 广东省深圳市南山区北环路与深云路交汇处智慧广场C栋402
362,518100 广东省深圳市南山区南海大道海王大厦A座22层
363,518100 广东省深圳市南山区南海大道海王大厦A座22层
364,518100 广东省深圳市南山区南海大道海王大厦A座22层
365,518100 广东省深圳市南山区南海大道海王大厦A座22层
366,518100 广东省深圳市南山区南海大道海王大厦A座22层
367,518100 广东省深圳市南山区南海大道海王大厦A座22层
368,518100 广东省深圳市南山区南海大道海王大厦A座22层
369,510275 广东省广州市海珠区新港西路135号
370,518000 广东省深圳市光明新区观光路3009号招商局光明科技园A3栋C单元501
371,200235 上海市徐汇区漕宝路120号
372,518107 广东省深圳市光明新区观光路3009号招商局光明科技园A3栋C单元501
373,200240 上海市闵行区东川路800号
374,210094 江苏省南京市孝陵卫200号
375,210094 江苏省南京市孝陵卫200号
376,518107 广东省深圳市光明新区观光路3009号招商局光明科技园A3栋C单元501
377,730070 甘肃省兰州市安宁区安宁东路967号
378,541004 广西壮族自治区桂林市七星区育才路15号
379,510640 广东省广州市天河区五山路381号
380,037009 山西省大同市御东新区兴云街山西大同大学
381,510275 广东省广州市新港西路135号
382,300071 天津市南开区卫津路94号
383,243002 安徽省马鞍山市花山区湖东路59号
384,510631 广东省广州市天河区中山大道西55号
385,224001 江苏省盐城市城南新区新都街道办事处新跃路2号
386,美国特拉华州
387,361000 福建省厦门市思明区水仙路33号海光大厦24C
388,361000 福建省厦门市思明区水仙路33号海光大厦24C
389,210094 江苏省南京市孝陵卫200号
390,317000 浙江省台州市临海市经济开发区柏叶中路
391,150001 黑龙江省哈尔滨市南岗区西大直街92号
392,317000 浙江省台州市临海市经济开发区柏叶中路
393,330063 江西省南昌市丰和南大道696号
394,212003 江苏省镇江市梦溪路2号
395,214122 江苏省无锡市蠡湖大道1800号江南大学化工楼A505
396,210094 江苏省南京市孝陵卫200号
397,361000 福建省厦门市思明区水仙路33号海光大厦24C
398,150001 黑龙江省哈尔滨市南岗区西大直街92号
399,美国俄克拉荷马州
400,310027 浙江省杭州市西湖区浙大路38号
401,200092 上海市杨浦区四平路1239号
402,410083 湖南省长沙市岳麓区麓山南路932号
403,224000 江苏省盐城市世纪大道东路15号
404,310018 浙江省杭州市江干区杭州经济技术开发区白杨街道2号大街928号
405,250101 山东省济南市槐荫区美里路中段1929号
406,300072 天津市南开区卫津路92号
407,250101 山东省济南市槐荫区美里路中段1929号
408,250101 山东省济南市槐荫区美里路中段1929号
409,116024 辽宁省大连市凌工路2号
410,214122 江苏省无锡市蠡湖大道1800号江南大学化工楼A505
411,美国得克萨斯州
412,272000 山东省济宁市国家高新技术产业开发区崇文大道产学研基地A5楼
413,100081 北京市海淀区中关村南大街5号
414,150001 黑龙江省哈尔滨市南岗区西大直街92号
415,250022 山东省济南市市中区南辛庄西路336号
416,225800 江苏省扬州市宝应县柳堡镇工业区
417,212013 江苏省镇江市京口区学府路301号
418,100029 北京市朝阳区北土城西路3#
419,710021 陕西省西安市未央大学城
420,212013 江苏省镇江市京口区学府路301号
421,252059 山东省聊城市东昌府区湖南路1号
422,315201 浙江省宁波市镇海区中官西路1219号
423,730000 甘肃省兰州市安宁区安宁东路967号
424,243100 安徽省马鞍山市当涂县黄池镇亭头乡
425,272000 山东省济宁市国家高新技术产业开发区崇文大道产学研基地A5楼
426,518000 广东省深圳市福田区上路中路1003号深圳市科学馆三楼
427,214122 江苏省无锡市蠡湖大道1800号
428,211189 江苏省南京市江宁区东南大学路2号
429,710071 陕西省西安市太白南路二号
430,100190 北京市海淀区中关村南三街八号
431,518000 广东省深圳市南山区南海大道海王大厦A座22层
432,518100 广东省深圳市南山区南海大道海王大厦A座22层
433,201620 上海市松江区松江新城人民北路2999号
434,518100 广东省深圳市南山区南海大道海王大厦A座22层
435,350300 福建省福州市福清市融侨开发区光电科技园
436,110016 辽宁省沈阳市沈河区文化路72号
437,518000 广东省深圳市南山区南海大道海王大厦A座22层
438,518000 广东省深圳市南山区南海大道海王大厦A座22层
439,430062 湖北省武汉市武昌区友谊大道368号
440,518000 广东省深圳市南山区南海大道海王大厦A座22层
441,518100 广东省深圳市南山区南海大道海王大厦A座22层
442,518000 广东省深圳市龙岗区布沙路可园四期12号楼A单元1805
443,362000 福建省泉州台商投资区行政办公大楼5楼
444,130011 吉林省长春市西新经济技术开发区东风大街2259号
445,518000 广东省深圳市南山区南海大道海王大厦A座22层
446,230000 安徽省合肥市瑶海工业园纬D路7号
447,518000 广东省深圳市南山区南海大道海王大厦A座22层
448,523000 广东省东莞市大岭山镇水朗村石大路第三工业区三号
449,523000 广东省东莞市大岭山镇水朗村石大路第三工业区三号
450,518100 广东省深圳市南山区南海大道海王大厦A座22层
451,214000 江苏省无锡市惠山经济开发区智慧路1号清华创新大厦A2005室
452,518000 广东省深圳市南山区南山大道学府路桃苑公寓810
453,100190 北京市海淀区中关村北二条1号
454,611731 四川省成都市高新区(西区)西源大道2006号
455,150081 黑龙江省哈尔滨市南岗区保健路157号
456,110136 辽宁省沈阳市沈北新区道义南大街37号
457,710071 陕西省西安市太白南路2号
458,212013 江苏省镇江市京口区学府路301号
459,100083 北京市海淀区清华东路甲35号
460,300384 天津市西青区宾水西道391号天津理工大学主校区
461,300384 天津市西青区宾水西道391号天津理工大学主校区
462,300384 天津市西青区宾水西道391号天津理工大学主校区
463,150000 黑龙江省哈尔滨市南岗区西大直街92号
464,150000 黑龙江省哈尔滨市南岗区西大直街92号
465,224001 江苏省盐城市城南新区新都街道办事处新跃路2号
466,325027 浙江省温州市鹿城区学院中路276号
467,315201 浙江省宁波市镇海区庄市大道519号
468,518100 广东省深圳市南山区南海大道海王大厦A座22层
469,214122 江苏省无锡市蠡湖大道1800号
470,518100 广东省深圳市南山区南海大道海王大厦A座22层
471,518100 广东省深圳市南山区南海大道海王大厦A座22层
472,518100 广东省深圳市南山区南海大道海王大厦A座22层
473,518000 广东省深圳市南山区南海大道海王大厦A座22层
474,150001 黑龙江省哈尔滨市南岗区西大直街92号
475,730000 甘肃省兰州市城关区天水中路18号
476,518000 广东省深圳市南山区南海大道海王大厦A座22层
477,518000 广东省深圳市南山区南海大道海王大厦A座22层
478,518100 广东省深圳市南山区南海大道海王大厦A座22层
479,518100 广东省深圳市南山区南海大道海王大厦A座22层
480,518100 广东省深圳市南山区南海大道海王大厦A座22层
481,518100 广东省深圳市南山区南海大道海王大厦A座22层
482,518100 广东省深圳市南山区南海大道海王大厦A座22层
483,518100 广东省深圳市南山区南海大道海王大厦A座22层
484,518100 广东省深圳市南山区南海大道海王大厦A座22层
485,518100 广东省深圳市南山区南海大道海王大厦A座22层
486,518100 广东省深圳市南山区南海大道海王大厦A座22层
487,518000 广东省深圳市南山区南海大道海王大厦A座22层
488,518000 广东省深圳市南山区南海大道海王大厦A座22层
489,518000 广东省深圳市南山区南海大道海王大厦A座22层
490,518000 广东省深圳市南山区南海大道海王大厦A座22层
491,518100 广东省深圳市南山区南海大道海王大厦A座22层
492,518100 广东省深圳市南山区南海大道海王大厦A座22层
493,518100 广东省深圳市南山区南海大道海王大厦A座22层
494,518000 广东省深圳市光明新区观光路3009号招商局光明科技园A3栋C单元501
495,650500 云南省昆明市呈贡区雨花片区1号
496,266101 山东省青岛市崂山区松岭路189号30号信箱
497,364000 福建省龙岩市新罗区南城环西路37号4幢105室
498,130011 吉林省长春市西新经济技术开发区东风大街2259号
499,312400 浙江省绍兴市嵊州市经济开发区天乐路28号
0,266071 山东省青岛市宁夏路308号
1,239300 安徽省滁州市天长市经济开发区天汊路128号
2,210038 江苏省南京市栖霞区新港开发区恒达路3号紫金科创高通特别社区
3,030024 山西省太原市万柏林区迎泽西大街79号
4,213331 江苏省常州市溧阳市戴埠工业园区嘉新路1号
5,266100 山东省青岛市崂山区苗岭路19号裕龙大厦2号楼1单元1702户
6,201800 上海市嘉定区宝嘉公路2019号
7,212013 江苏省镇江市京口区学府路301号
8,063000 河北省唐山市建设北路101号高科总部大厦1001室
9,200032 上海市徐汇区零陵路345号
10,100190 北京市海淀区中关村北二条6号
11,230026 安徽省合肥市包河区金寨路96号
12,523000 广东省东莞市大朗镇新园一路141号
13,400044 重庆市沙坪坝区沙正街174号重庆大学材料学院
14,272000 山东省济宁市高新区崇文大道产学研基地A5区B座
15,100080 北京市海淀区中关村北一街2号
16,310013 浙江省杭州市西湖区西溪路525号C楼715室
17,310013 浙江省杭州市西湖区西溪路525号C楼715室
18,150001 黑龙江省哈尔滨市南岗区西大直街92号
19,300387 天津市西青区宾水西道399号
20,232001 安徽省淮南市舜耕中路168号
21,310036 浙江省杭州市下沙经济开发区学林路16号
22,430074 湖北省武汉市武昌珞喻路1037号华中科技大学
23,361027 福建省厦门市海沧区东孚镇东孚大道2881号16号厂房二层南侧
24,250204 山东省济南市章丘市刁镇工业经济开发区
25,361005 福建省厦门市思明南路422号
26,韩国首尔
27,222005 江苏省连云港市淮海工学院苍梧路59号
28,日本大阪府
29,266000 山东省青岛市李沧区青山路626号
30,523000 广东省东莞市黄江镇江北路胜前工业C区C幢东莞市翔丰华电池材料有限公司
31,272000 山东省济宁市高新区崇文大道产学研基地A5区B座
32,310013 浙江省杭州市西湖区西溪路525号C楼715室
33,310013 浙江省杭州市西湖区西溪路525号C楼715室
34,310013 浙江省杭州市西湖区西溪路525号C楼715室
35,215000 江苏省苏州市高新区国际教育园北区学府路287号
36,200240 上海市闵行区东川路800号
37,200240 上海市闵行区东川路800号
38,518107 广东省深圳市光明新区观光路3009号招商局光明科技园A3栋C单元501
39,210007 江苏省南京市白下区海福巷1号
40,710021 陕西省西安市未央大学城
41,213000 江苏省常州市武进区经济开发区祥云路6号
42,430072 湖北省武汉市武昌区珞珈山武汉大学
43,511400 广东省广州市南沙区环市大道南路25号华工大广州产研院
44,511458 广东省广州市南沙区环市大道南路25号华工大广州产研院
45,300000 天津市滨海新区大港立达街与安和路交口的东南侧立达街233#
46,300000 天津市滨海新区大港立达街与安和路交口的东南侧立达街233＃
47,150080 黑龙江省哈尔滨市南岗区学府路74号
48,610041 四川省成都市武侯区人民南路四段30号
49,510640 广东省广州市天河区五山路381号
50,100029 北京市朝阳区北三环东路15号
51,271016 山东省泰安市高新技术开发区长城路619号
52,212003 江苏省镇江市梦溪路2号
53,451191 河南省郑州市新郑双湖经济技术开发区淮河路1号
54,621010 四川省绵阳市涪城区青龙大道中段59号
55,韩国蔚山广域市
56,美国马里兰州
57,德国路德维希港
58,225009 江苏省扬州市开发区大学南路88号
59,美国马里兰州
60,130012 吉林省长春市前进大街2699号
61,310018 浙江省杭州市下沙高教园区学正街18号
62,美国马里兰州
63,110016 辽宁省沈阳市沈河区文化路72号
64,310013 浙江省杭州市西湖区西溪路525号C楼715室
65,266100 山东省济南市中国海洋大学崂山校区材料科学与工程研究院221室
66,710021 陕西省西安市未央大学城
67,215221 江苏省苏州市吴江区平望镇上横村
68,272000 山东省济宁市高新区崇文大道产学研基地A5区B座
69,226000 江苏省南通市经济技术开发区振兴路19号
70,333001 江西省景德镇市珠山区陶阳南路景德镇陶瓷学院
71,210094 江苏省南京市玄武区孝陵卫200号
72,214192 江苏省无锡市锡山经济开发区科技创业园(芙蓉中三路99号)瑞云六座
73,214192 江苏省无锡市锡山经济开发区科技创业园(芙蓉中三路99号)瑞云六座
74,400038 重庆市沙坪坝区高滩岩正街30号
75,315201 浙江省宁波市镇海区中官西路1219号
76,223100 江苏省淮安市洪泽县蒋坝镇江苏省洪泽湖水利工程管理处
77,518107 广东省深圳市光明新区观光路3009号招商局光明科技园A3栋C单元501
78,226600 江苏省南通市海安县海安镇长江西路288号
79,201620 上海市松江区松江新城人民北路2999号
80,310013 浙江省杭州市西湖区西溪路525号C楼715室
81,530001 广西壮族自治区南宁市明秀东路175号广西师范学院
82,211100 江苏省南京市玄武区四牌楼2号
83,530001 广西壮族自治区南宁市明秀东路175号广西师范学院
84,210096 江苏省南京市四牌楼2号
85,100029 北京市朝阳区北三环东路15号
86,710021 陕西省西安市未央大学城
87,710021 陕西省西安市未央大学城
88,310013 浙江省杭州市西湖区西溪路525号C楼715室
89,225009 江苏省扬州市开发区大学南路88号
90,230009 安徽省合肥市合肥工业大学屯溪路校区193号
91,201209 上海市浦东新区金海路2588号1号楼A252室
92,150001 黑龙江省哈尔滨市南岗区西大直街92号
93,518055 广东省深圳市南山区西丽大学城学苑大道1068号
94,214000 江苏省无锡市无锡惠山经济开发区堰新路311号3号楼0701室
95,233600 安徽省亳州市涡阳县城关镇涡河东路115-136号
96,430070 湖北省武汉市洪山区珞狮路122号
97,中国台湾台北市基隆路四段43号
98,150001 黑龙江省哈尔滨市南岗区西大直街92号
99,200240 上海市闵行区东川路800号
100,310036 浙江省杭州市下沙经济开发区学林路16号
101,518055 广东省深圳市南山区西丽大学城清华校区
102,212013 江苏省镇江市京口区学府路301号
103,212013 江苏省镇江市京口区学府路301号
104,233600 安徽省亳州市涡阳县城关镇涡河东路115-136号
105,638606 四川省华蓥市高兴镇兴政街38号
106,150080 黑龙江省哈尔滨市南岗区学府路52号
107,200240 上海市闵行区东川路800号
108,213149 江苏省常州市武进区经济开发区腾龙路2号
109,213000 江苏省常州市武进经济开发区祥云路6号
110,450001 河南省郑州市高新区科学大道100号
111,310013 浙江省杭州市西湖区西溪路525号C楼715室
112,266111 山东省青岛市城阳区青大工业园丰园路中段
113,274000 山东省菏泽市开发区南京路199号
114,226121 江苏省南通市海门市三厂镇大庆路北侧
115,200050 上海市长宁区定西路1295号
116,135200 吉林省靖宇县粮食公寓2-7-602
117,201620 上海市松江区松江新城人民北路2999号
118,310027 浙江省杭州市西湖区浙大路38号
119,韩国首尔
120,100871 北京市海淀区颐和园路5号
121,100190 北京市海淀区中关村北一街2号
122,201203 上海市浦东新区张江路18号
123,100190 北京市海淀区中关村北一条11号
124,100871 北京市海淀区颐和园路5号
125,美国特拉华州
126,230031 安徽省合肥市蜀山湖路350号
127,315201 浙江省宁波市镇海区庄市大道519号
128,350108 福建省福州市闽侯县上街镇大学城学园路2号福州大学新区
129,225600 江苏省扬州市高邮市经济开发区北外环路88号
130,266000 山东省青岛市市北区金华路36号甲
131,213000 江苏省常州市武进区经济开发区祥云路6号
132,201210 上海市浦东新区海科路99号
133,100190 北京市海淀区中关村北二条6号
134,200050 上海市长宁区长宁路865号
135,西班牙塞维利亚
136,222000 江苏省连云港市连云港经济技术开发区黄海大道999号
137,中国台湾宜兰县五结乡利工三路5号
138,210093 江苏省南京市汉口路22号
139,610065 四川省成都市武侯区一环路南一段24号
140,830026 新疆维吾尔自治区乌鲁木齐市经济技术开发区阳澄湖路39号
141,200240 上海市闵行区东川路800号
142,210009 江苏省南京市新模范马路5号
143,215137 江苏省苏州市相城区济学路8号
144,310051 浙江省杭州市高新技术开发区滨江科技园区
145,215427 江苏省苏州市太仓市璜泾镇永乐开发区
146,200092 上海市杨浦区四平路1239号
147,830026 新疆维吾尔自治区乌鲁木齐市经济技术开发区阳澄湖路39号
148,250204 山东省济南市章丘市刁镇工业经济开发区
149,200233 上海市徐汇区田林路388号1幢701室
150,230009 安徽省合肥市包河区屯溪路193号
151,200240 上海市闵行区东川路800号
152,410083 湖南省长沙市岳麓区麓山南路932号
153,300384 天津市西青区宾水西道399号
154,250204 山东省济南市章丘市刁镇工业经济开发区
155,361027 福建省厦门市海沧区东孚镇东孚大道2881号16#厂房2层南侧
156,361027 福建省厦门市海沧区东孚镇东孚大道2881号16#厂房2层南侧
157,250204 山东省济南市章丘市刁镇工业经济开发区
158,410082 湖南省长沙市河西岳麓山湖南大学环境科学与工程学院
159,810008 青海省西宁市新宁路18号
160,210097 江苏省南京市鼓楼区宁海路122号
161,414000 湖南省岳阳市奇家岭学院路439号
162,250204 山东省济南市章丘市刁镇工业经济开发区
163,250204 山东省济南市章丘化工工业园内
164,英国曼彻斯特
165,101400 北京市怀柔区雁栖经济开发区雁栖南四街25号
166,518132 广东省深圳市光明新区塘明大道9—2号
167,232200 安徽省六安市寿县寿春镇北街通寺巷
168,400025 重庆市江北区两寸滩保税港区管理委员会综合大楼8-2-19
169,101400 北京市怀柔区雁栖经济开发区雁栖南四街25号
170,523000 广东省东莞市大朗镇新园一路141号
171,250204 山东省济南市章丘市刁镇工业经济开发区
172,213011 江苏省常州市戚墅堰区圩墩路50-3号
173,315222 浙江省慈溪市新浦镇荣誉村
174,212013 江苏省镇江市京口区学府路301号
175,100875 北京市海淀区新街口外大街19号
176,213000 江苏省常州市武进区经济开发区祥云路6号
177,102206 北京市昌平区生命科学园路33号北京蛋白质组研究中心
178,215137 江苏省苏州市相城区济学路8号
179,430074 湖北省武汉市洪山区珞喻路1037号
180,430072 湖北省武汉市武昌区珞珈山武汉大学
181,215400 江苏省苏州市太仓市城厢镇人民南路162号
182,611731 四川省成都市高新区(西区)西源大道2006号
183,美国马里兰州
184,611731 四川省成都市高新区(西区)西源大道2006号
185,250199 山东省济南市历城区山大南路27号
186,410000 湖南省长沙市韶山南路498号
187,210000 江苏省南京市新港经济技术开发区恒达路3号
188,410083 湖南省长沙市岳麓区麓山南路932号
189,211100 江苏省南京市玄武区四牌楼2号
190,210000 江苏省南京市新港经济技术开发区恒达路3号
191,210000 江苏省南京市新港经济技术开发区恒达路3号
192,325035 浙江省温州市茶山高教园区温州大学
193,330000 江西省南昌市红谷滩新区丰和南大道696号
194,250204 山东省济南市章丘市刁镇工业经济开发区
195,410000 湖南省长沙市韶山南路498号
196,230026 安徽省合肥市包河区金寨路96号
197,410000 湖南省长沙市韶山南路498号
198,430074 湖北省武汉市洪山区鲁磨路388号
199,450000 河南省郑州市金水区东风路5号
200,315033 浙江省宁波市江北区洪塘街道长兴路158号
201,518000 广东省深圳市南山区南海大道海王大厦A座22层
202,518000 广东省深圳市南山区南海大道海王大厦A座22层
203,中国台湾宜兰县五结乡利工三路5号
204,233600 安徽省亳州市涡阳县城关镇涡河东路115-136号
205,233600 安徽省亳州市涡阳县城关镇涡河东路115-136号
206,233600 安徽省亳州市涡阳县城关镇涡河东路115-136号
207,310027 浙江省杭州市西湖区浙大路38号
208,201620 上海市松江区松江新城人民北路2999号
209,410000 湖南省长沙市韶山南路498号
210,541004 广西壮族自治区桂林市金鸡路1号
211,541004 广西壮族自治区桂林市金鸡路1号
212,410000 湖南省长沙市韶山南路498号
213,518000 广东省深圳市南山区南海大道海王大厦A座22层
214,518000 广东省深圳市南山区南海大道海王大厦A座22层
215,518000 广东省深圳市南山区南海大道海王大厦A座22层
216,518000 广东省深圳市南山区南海大道海王大厦A座22层
217,518000 广东省深圳市南山区南海大道海王大厦A座22层
218,100083 北京市海淀区清华东路甲35号
219,英国安特里姆
220,518100 广东省深圳市南山区南海大道海王大厦A座22层
221,100084 北京市海淀区100084-82信箱
222,710072 陕西省西安市友谊西路127号
223,211189 江苏省南京市江宁区东南大学路2号
224,211189 江苏省南京市江宁区东南大学路2号
225,211189 江苏省南京市江宁区东南大学路2号
226,211189 江苏省南京市江宁区东南大学路2号
227,211189 江苏省南京市江宁区东南大学路2号
228,211189 江苏省南京市江宁区东南大学路2号
229,430070 湖北省武汉市洪山区珞狮路122号
230,150080 黑龙江省哈尔滨市南岗区学府路52号
231,450001 河南省郑州市高新技术开发区科学大道1号
232,518055 广东省深圳市南山区西丽大学城学苑大道1068号
233,361021 福建省厦门市集美区天凤路69号
234,511458 广东省广州市南沙区环市大道南路25号华工大广州产研院
235,215000 江苏省苏州市工业园区仁爱路199号
236,200433 上海市杨浦区国定路323号1101-43室
237,361005 福建省厦门市思明南路422号
238,230026 安徽省合肥市包河区金寨路96号
239,710069 陕西省西安市太白北路229号
240,214177 江苏省无锡市惠山经济开发区智慧路1号清华创新大厦A701
241,110159 辽宁省沈阳市浑南新区南屏中路6号
242,215000 江苏省苏州市工业园区仁爱路199号
243,154007 黑龙江省佳木斯市学府路148号佳木斯大学理学院
244,100083 北京市海淀区清华东路甲35号
245,210096 江苏省南京市四牌楼2号
246,030001 山西省太原市迎泽区桃园南路27号
247,201620 上海市松江区松江新城人民北路2999号
248,518100 广东省深圳市南山区南海大道海王大厦A座22层
249,100124 北京市朝阳区平乐园100号
250,518100 广东省深圳市南山区南海大道海王大厦A座22层
251,350002 福建省福州市杨桥西路155号
252,201800 上海市嘉定区嘉松北路4777号2幢3层
253,300384 天津市南开区榕苑路15号-4-D-501
254,英国曼彻斯特
255,200433 上海市杨浦区邯郸路220号
256,100124 北京市朝阳区平乐园100号
257,200433 上海市杨浦区邯郸路220号
258,200433 上海市杨浦区邯郸路220号
259,211189 江苏省南京市玄武区四牌楼2号
260,250014 山东省济南市历下区文化东路88号
261,518100 广东省深圳市南山区南海大道海王大厦A座22层
262,518100 广东省深圳市南山区南海大道海王大厦A座22层
263,518100 广东省深圳市南山区南海大道海王大厦A座22层
264,518100 广东省深圳市南山区南海大道海王大厦A座22层
265,518000 广东省深圳市南山区南海大道海王大厦A座22层
266,518000 广东省深圳市南山区南海大道海王大厦A座22层
267,518052 广东省深圳市南山区南海大道海王大厦A座22层
268,518052 广东省深圳市南山区南海大道海王大厦A座22层
269,518052 广东省深圳市南山区南海大道海王大厦A座22层
270,230031 安徽省合肥市1110信箱
271,252000 山东省聊城市鲁化路68号
272,252000 山东省聊城市鲁化路68号
273,450001 河南省郑州市科学大道100号化学与分子工程学院办公室
274,210096 江苏省南京市四牌楼2号
275,224000 江苏省盐城市亭湖区黄海中路20号
276,韩国首尔
277,150080 黑龙江省哈尔滨市南岗区学府路52号
278,637000 四川省南充市师大路1号
279,266071 山东省青岛市崂山区香港东路7号青岛大学
280,250022 山东省济南市南辛庄西路336号
281,541006 广西壮族自治区桂林市建干路12号
282,韩国大田市
283,美国纽约
284,116029 辽宁省大连市沙河口区黄河路850号
285,116024 辽宁省大连市凌工路2号
286,518000 广东省深圳市南山区豪方花园2栋207室
287,210009 江苏省南京市鼓楼区新模范马路5号
288,252000 山东省聊城市鲁化路68号
289,518000 广东省深圳市南山区南海大道海王大厦A座22层
290,518000 广东省深圳市南山区南海大道海王大厦A座22层
291,510880 广东省广州市花都区花山镇华侨工业园华辉路4号
292,美国特拉华州
293,315040 浙江省宁波市江东区曙光路23号502室
294,200092 上海市杨浦区四平路1239号
295,518100 广东省深圳市南山区南海大道海王大厦A座22层
296,518000 广东省深圳市南山区南海大道海王大厦A座22层
297,518100 广东省深圳市南山区南海大道海王大厦A座22层
298,518100 广东省深圳市南山区南海大道海王大厦A座22层
299,518100 广东省深圳市南山区南海大道海王大厦A座22层
300,518100 广东省深圳市南山区南海大道海王大厦A座22层
301,518000 广东省深圳市南山区南海大道海王大厦A座22层
302,518100 广东省深圳市南山区南海大道海王大厦A座22层
303,518100 广东省深圳市南山区南海大道海王大厦A座22层
304,美国纽约
305,250000 山东省济南市高新区颖秀路1237号奇盛数码二期413室
306,200433 上海市杨浦区邯郸路220号
307,310007 浙江省杭州市西湖区西溪路525号C楼428室
308,200092 上海市杨浦区四平路1239号
309,541004 广西壮族自治区桂林市建干路12号
310,518100 广东省深圳市南山区南海大道海王大厦A座22层
311,400715 重庆市北碚区天生路1号
312,430072 湖北省武汉市武昌区珞珈山武汉大学
313,250101 山东省济南市槐荫区美里路中段1929号
314,523000 广东省东莞市松山湖科技产业园松科苑9号楼一楼
315,315201 浙江省宁波市镇海区庄市大道519号
316,410082 湖南省长沙市麓山南路1号湖南大学
317,412007 湖南省株洲市天元区泰山西路88号湖南工业大学产学研处
318,100190 北京市海淀区中关村东路29号
319,215123 江苏省苏州市工业园区仁爱路199号
320,212400 江苏省镇江市句容市华阳镇东昌南路20号兆￤]公司
321,430074 湖北省武汉市洪山区珞喻路1037号
322,210093 江苏省南京市鼓楼区汉口路22号
323,350108 福建省福州市闽侯县上街镇大学城学园路2号福州大学新区
324,315201 浙江省宁波市镇海区庄市大道519号
325,215123 江苏省苏州市工业园区星湖街218号生物纳米园A4楼112室
326,266033 山东省青岛市四方区台柳路133号甲705房间
327,271016 山东省泰安市长城路619号
328,617000 四川省攀枝花市东区机场路10号
329,212400 江苏省镇江市句容市华阳镇东昌南路20号兆￤]公司
330,150001 黑龙江省哈尔滨市南岗区西大直街92号
331,韩国蔚山广域市
332,美国佛罗里达州
333,韩国庆尚南道昌原市
334,200050 上海市长宁区长宁路865号
335,518129 广东省深圳市龙岗区坂田华为总部办公楼
336,310016 浙江省杭州市下沙经济开发区学林路16号
337,157011 黑龙江省牡丹江市爱民区文化街191号
338,300071 天津市南开区卫津路94号
339,300071 天津市南开区卫津路94号
340,250100 山东省济南市历城区山大南路27号
341,610031 四川省成都市二环路北一段111号
342,430000 湖北省武汉市武昌区珞珈山16号
343,266061 山东省青岛市崂山区松岭路99号
344,050051 河北省石家庄市合作路113号
345,226007 江苏省南通市青年东路139号
346,100081 北京市海淀区中关村南大街12号
347,650093 云南省昆明市五华区学府路253号
348,310014 浙江省杭州市下城区朝晖六区潮王路18号
349,100190 北京市海淀区中关村东路29号
350,510630 广东省广州市天河区石牌黄埔大道西601号
351,315000 浙江省宁波市卡尔新材料科技有限公司
352,221008 江苏省徐州市泉山区三环南路269号
353,美国伊利诺斯州
354,518057 广东省深圳市南山区高新技术产业园南区
355,518100 广东省深圳市南山区南海大道海王大厦A座22层
356,210093 江苏省南京市鼓楼区汉口路22号
357,230022 安徽省合肥市瑶海区郎溪路10号
358,523000 广东省东莞市黄江镇江北路胜前工业C区C幢东莞市翔丰华电池材料有限公司
359,230022 安徽省合肥市瑶海区郎溪路10号
360,230009 安徽省合肥市包河区屯溪路193号
361,200050 上海市长宁区定西路1295号
362,200050 上海市长宁区长宁路865号
363,430000 湖北省武汉市武昌区珞珈山16号
364,430000 湖北省武汉市武昌区珞珈山16号
365,361005 福建省厦门市思明南路422号
366,710021 陕西省西安市未央区大学园1号
367,日本东京都
368,210093 江苏省南京市鼓楼区汉口路22号
369,210093 江苏省南京市鼓楼区汉口路22号
370,210093 江苏省南京市鼓楼区汉口路22号
371,210093 江苏省南京市鼓楼区汉口路22号
372,518000 广东省深圳市南山区南头关口二路智恒战略性新兴产业园10栋
373,200050 上海市长宁区长宁路865号
374,102249 北京市昌平区府学路18号
375,100876 北京市海淀区西土城路10号
376,100876 北京市海淀区西土城路10号
377,071002 河北省保定市五四东路180号
378,150001 黑龙江省哈尔滨市南岗区西大直街92号
379,410073 湖南省长沙市砚瓦池正街47号中国人民解放军国防科学技术大学理学院
380,150027 黑龙江省哈尔滨市松北区浦源路2468号
381,130021 吉林省长春市人民大街5268号东北师范大学化学学院
382,350004 福建省福州市台江区交通路88号
383,710049 陕西省西安市咸宁西路28号
384,150010 黑龙江省哈尔滨市道里区机场路1322号
385,518000 广东省深圳市南山区南海大道海王大厦A座22层
386,518000 广东省深圳市南山区南海大道海王大厦A座22层
387,中国台湾台北市南港区研究院路2段128号
388,116023 辽宁省大连市中山路457号
389,116023 辽宁省大连市中山路457号
390,334000 江西省上饶市志敏大道85号
391,518000 广东省深圳市南山区南海大道海王大厦A座22层
392,315311 浙江省宁波市慈溪市慈东滨海区天叙路1号
393,471003 河南省洛阳市涧西区西苑路48号
394,200433 上海市杨浦区邯郸路220号
395,200433 上海市杨浦区邯郸路220号
396,200240 上海市闵行区东川路800号
397,410073 湖南省长沙市德雅路109号
398,400715 重庆市北碚区天生路2号
399,266580 山东省青岛市经济技术开发区长江西路66号
400,710071 陕西省西安市雁塔区太白南路2号
401,100083 北京市海淀区学院路30号
402,201620 上海市松江区松江新城区人民北路2999号
403,519085 广东省珠海市金鼎官塘乐通工业园
404,250014 山东省济南市历下区文化东路88号
405,150080 黑龙江省哈尔滨市南岗区学府路52号
406,225009 江苏省扬州市大学南路88号
407,361005 福建省厦门市思明南路422号
408,100081 北京市海淀区中关村南大街5号
409,225300 江苏省泰州市海陵区口泰路88号
410,350004 福建省福州市台江区交通路88号
411,224000 江苏省盐城市亭湖区黄海中路20号
412,224000 江苏省盐城市亭湖区黄海中路20号
413,215125 江苏省苏州市工业园区独墅湖高校区若水路398号
414,315412 浙江省宁波市余姚市三七市镇工业园区
415,200235 上海市徐汇区漕宝路120号
416,310012 浙江省杭州市西湖区西溪路525号B楼425室
417,350004 福建省福州市台江区交通路88号
418,100191 北京市海淀区学院路37号
419,214192 江苏省无锡市芙蓉中三路99号
420,100084 北京市海淀区100084-82信箱
421,518000 广东省深圳市南山区南海大道海王大厦A座22层
422,266580 山东省青岛市青岛经济开发区长江西路66号
423,150001 黑龙江省哈尔滨市南岗区西大直街92号
424,150001 黑龙江省哈尔滨市南岗区西大直街92号
425,510275 广东省广州市海珠区新港西路135号
426,518100 广东省深圳市南山区南海大道海王大厦A座22层
427,310014 浙江省杭州市下城区潮王路18号
428,453000 河南省新乡市开发区18号街坊河南科隆集团技术管理部
429,518100 广东省深圳市南山区南海大道海王大厦A座22层
430,518100 广东省深圳市南山区南海大道海王大厦A座22层
431,518052 广东省深圳市南山区南海大道海王大厦A座22层
432,200444 上海市宝山区上大路99号
433,230031 安徽省合肥市蜀山区蜀山湖路350号
434,100028 北京市朝阳区西坝河北里25号D座1703号
435,100084 北京市海淀区100084-82信箱
436,韩国京畿道
437,215009 江苏省苏州市苏州新区科锐路1号
438,230088 安徽省合肥市高新区黄山路602号A105
439,030001 山西省太原市迎泽区桃园南路27号
440,710071 陕西省西安市太白南路2号
441,710071 陕西省西安市太白南路2号
442,226002 江苏省南通市港闸区长和路89号
443,212013 江苏省镇江市京口区学府路301号
444,300160 天津市河东区成林道63号
445,350002 福建省福州市鼓楼区工业路523号
446,362000 福建省泉州市丰泽区城东华侨大学
447,210093 江苏省南京市鼓楼区汉口路22号
448,030001 山西省太原市迎泽区桃园南路27号
449,030001 山西省太原市迎泽区桃园南路27号
450,361000 福建省厦门市思明区水仙路33号海光大厦24C
451,518106 广东省深圳市光明新区公明办事处西田社区贝特瑞工业园深圳市贝特瑞纳米科技有限公司
452,211400 江苏省扬州市仪征市扬州化学工业园区长城路1号
453,300072 天津市南开区卫津路92号
454,100084 北京市海淀区100084信箱82分箱清华大学专利办公室
455,362000 福建省泉州市丰泽区城东华侨大学
456,200235 上海市徐汇区漕宝路120号
457,200093 上海市杨浦区军工路516号
458,310018 浙江省杭州市江干区杭州经济技术开发区白杨街道2号大街928号
459,310018 浙江省杭州市江干区杭州经济技术开发区白杨街道2号大街928号
460,201620 上海市松江区人民北路2999号
461,日本东京都
462,213149 江苏省常州市武进经济开发区祥云路6号
463,266042 山东省青岛市崂山区松岭路99号
464,200235 上海市徐汇区漕宝路120号
465,541004 广西壮族自治区桂林市建干路12号
466,266071 山东省青岛市市南区宁夏路308号
467,150006 黑龙江省哈尔滨市西大直接92号
468,200433 上海市杨浦区邯郸路220号
469,541004 广西壮族自治区桂林市建干路12号
470,200090 上海市杨浦区平凉路2103号
471,300072 天津市南开区卫津路92号
472,212003 江苏省镇江市京口区学府路61号
473,464000 河南省信阳市长安路237号
474,213149 江苏省常州市武进经济开发区祥云路6号
475,213149 江苏省常州市武进经济开发区祥云路6号
476,255086 山东省淄博市高新技术产业开发区高创园D座1012室
477,300072 天津市南开区卫津路92号
478,300387 天津市西青区宾水西道399号
479,510006 广东省广州市番禺小谷围大学城
480,315040 浙江省宁波市江东区惊驾路1088号001幢(4-1)05室
481,315040 浙江省宁波市江东区惊驾路1088号001幢(4-1)05室
482,110016 辽宁省沈阳市沈河区文化路72号
483,214101 江苏省常州市金坛市尧塘镇亿晶路12号
484,300384 天津市西青区宾水西道391号天津理工大学主校区
485,310027 浙江省杭州市西湖区浙大路38号
486,310027 浙江省杭州市西湖区浙大路38号
487,美国纽约
488,030051 山西省太原市尖草坪区学院路3号
489,200050 上海市长宁区长宁路865号
490,430074 湖北省武汉市洪山区雄楚大街693号
491,710071 陕西省西安市太白南路2号
492,100190 北京市海淀区中关村南三街8号
493,310027 浙江省杭州市西湖区浙大路18号
494,430074 湖北省武汉市洪山区珞喻路1037号
495,310027 浙江省杭州市西湖区余杭塘路866号
496,350108 福建省福州市闽侯县上街镇大学城学园路2号福州大学新区
497,300072 天津市南开区卫津路92号
498,200240 上海市闵行区东川路800号
499,430072 湖北省武汉市武昌区珞珈山武汉大学
0,710048 陕西省西安市金花南路5号
1,150001 黑龙江省哈尔滨市南岗区西大直街92号
2,266061 山东省青岛市崂山区松岭路99号
3,200092 上海市杨浦区四平路1239号
4,230601 安徽省合肥市经济技术开发区莲花路2388号
5,法国巴黎
6,830054 新疆维吾尔自治区乌鲁木齐市沙依巴克区新医路102号
7,400044 重庆市沙坪坝区沙正街174号
8,030024 山西省太原市万柏林区迎泽西大街79号
9,830063 新疆维吾尔自治区乌鲁木齐市南湖北路116号新疆出入境检验检疫局
10,215123 江苏省苏州市工业园区仁爱路188号
11,310027 浙江省杭州市西湖区浙大路38号
12,410000 湖南省长沙市韶山南路498号
13,250022 山东省济南市市中区南辛庄西路336号
14,430081 湖北省武汉市青山区建设一路
15,210094 江苏省南京市孝陵卫200号
16,200235 上海市徐汇区漕宝路120号
17,200240 上海市闵行区东川路800号
18,226600 江苏省南通市开发区振兴路19号
19,150001 黑龙江省哈尔滨市南岗区西大直街92号
20,518055 广东省深圳市南山区西丽大学城学苑大道1068号
21,美国纽约州
22,201209 上海市浦东新区金海路2588号1号楼A252室
23,710119 陕西省西安市高新区新型工业园创业大道39号2号标准厂房10102室
24,430074 湖北省武汉市洪山区珞喻路1037号
25,518052 广东省深圳市南山区南海大道海王大厦A座22层
26,518052 广东省深圳市南山区南海大道海王大厦A座22层
27,518100 广东省深圳市南山区南海大道海王大厦A座22层
28,518000 广东省深圳市南山区南海大道海王大厦A座22层
29,518000 广东省深圳市南山区南海大道海王大厦A座22层
30,518100 广东省深圳市南山区南海大道海王大厦A座22层
31,518100 广东省深圳市南山区南海大道海王大厦A座22层
32,210023 江苏省南京市亚东新城区文苑路9号
33,710119 陕西省西安市高新区新型工业园创业大道39号2号标准厂房10102室
34,215233 江苏省苏州市吴江市震泽镇八都开发区小平大道18号
35,中国台湾新竹县
36,410600 湖南省长沙市宁乡县经济技术开发区新康路雅城工业园
37,362000 福建省泉州台商投资区行政办公大楼5楼
38,211189 江苏省南京市玄武区四牌楼2号
39,211189 江苏省南京市玄武区四牌楼2号
40,830046 新疆维吾尔自治区乌鲁木齐市天山区胜利路666号
41,518100 广东省深圳市南山区南海大道海王大厦A座22层
42,211189 江苏省南京市玄武区四牌楼2号
43,130011 吉林省长春市西新经济技术开发区东风大街2259号
44,130011 吉林省长春市西新经济技术开发区东风大街2259号
45,150001 黑龙江省哈尔滨市南岗区西大直街92号
46,211189 江苏省南京市玄武区四牌楼2号
47,211189 江苏省南京市玄武区四牌楼2号
48,201209 上海市浦东新区金海路2588号1号楼A252室
49,214242 江苏省宜兴市西郊工业园振丰东路999号
50,214242 江苏省宜兴市西郊工业园振丰东路999号
51,214242 江苏省宜兴市西郊工业园振丰东路999号
52,110142 辽宁省沈阳市经济技术开发区11号
53,518100 广东省深圳市南山区南海大道海王大厦A座22层
54,518100 广东省深圳市南山区南海大道海王大厦A座22层
55,518100 广东省深圳市南山区南海大道海王大厦A座22层
56,518100 广东省深圳市南山区南海大道海王大厦A座22层
57,518100 广东省深圳市南山区南海大道海王大厦A座22层
58,518100 广东省深圳市南山区南海大道海王大厦A座22层
59,710071 陕西省西安市太白南路2号
60,215500 江苏省苏州市常熟市南三环路99号
61,710119 陕西省西安市高新区新型工业园创业大道39号2号标准厂房10102室
62,310027 浙江省杭州市西湖区浙大路38号
63,710119 陕西省西安市高新区新型工业园创业大道39号2号标准厂房10102室
64,200050 上海市长宁区长宁路865号
65,401122 重庆市北碚区水土镇水土高新园方正大道266号
66,266071 山东省青岛市市南区宁夏路308号
67,710021 陕西省西安市未央区大学园1号
68,416000 湖南省湘西土家族苗族自治州吉首市人民南路120号
69,416000 湖南省湘西土家族苗族自治州吉首市人民南路120号
70,272000 山东省济宁市市中区车站东路17号(山东企鹅塑胶集团有限公司)
71,210098 江苏省南京市西康路1号
72,213033 江苏省常州市新北区春江镇赣江路18号
73,213033 江苏省常州市新北区春江镇赣江路18号
74,200444 上海市宝山区上大路99号
75,210094 江苏省南京市孝陵卫200号
76,200032 上海市徐汇区零陵路345号
77,100871 北京市海淀区颐和园路5号
78,610500 四川省成都市新都区卫星城工业开发区工业大道520号科伦药业
79,730000 甘肃省兰州市城关区天水中路18号
80,730000 甘肃省兰州市城关区天水中路18号
81,中国台湾新竹县
82,110044 辽宁省沈阳市大东区望花南街21号
83,310027 浙江省杭州市西湖区浙大路38号
84,830046 新疆维吾尔自治区乌鲁木齐市天山区胜利路666号
85,550014 贵州省贵阳市长岭南路留学归国创业园A1栋101室
86,100048 北京市阜成路11号北京工商大学理学院化学系
87,300387 天津市西青区宾水西道393号
88,201210 上海市浦东新区宣桥镇南六公路725号108室内-8
89,100190 北京市海淀区中关村北一条11号
90,200050 上海市长宁区长宁路865号
91,100083 北京市朝阳区北沙滩1号院
92,201620 上海市松江区人民北路2999号
93,744000 甘肃省平凉市甘肃平凉工业园区
94,100029 北京市朝阳区北三环东路15号
95,150001 黑龙江省哈尔滨市南岗区西大直街92号
96,400714 重庆市北碚区方正大道266号
97,200135 上海市浦东新区民生路1208号2-1218室
98,210093 江苏省南京市鼓楼区汉口路22号
99,030051 山西省太原市尖草坪区学院路3号
100,210094 江苏省南京市孝陵卫200号
101,211600 江苏省淮安市金湖县江苏省军区运西农副业基地东侧600米
102,430074 湖北省武汉市洪山区雄楚大街693号
103,210094 江苏省南京市孝陵卫200号
104,518000 广东省深圳市南山区南海大道海王大厦A座22层
105,美国加利福尼亚
106,518000 广东省深圳市南山区南海大道海王大厦A座22层
107,518000 广东省深圳市南山区南海大道海王大厦A座22层
108,400067 重庆市南岸区学府大道19号
109,518000 广东省深圳市南山区南海大道海王大厦A座22层
110,日本神奈川县
111,430074 湖北省武汉市洪山区雄楚大街693号
112,066004 河北省秦皇岛市海港区河北大街西段438号
113,066004 河北省秦皇岛市海港区河北大街西段438号
114,518000 广东省深圳市南山区南海大道海王大厦A座22层
115,518000 广东省深圳市南山区南海大道海王大厦A座22层
116,美国纽约州科特兰街庄园蒙托路7号
117,江苏省淮安市金湖县工业园区华海路279号-3
118,100190 北京市海淀区中关村北一条11号
119,130062 吉林省长春市西安大路5333号
120,211198 江苏省南京市江宁大学城龙眠大道639号
121,250014 山东省济南市历下区文化东路88号
122,100083 北京市海淀区学院路30号
123,美国纽约
124,比利时勒芬
125,美国纽约
126,100124 北京市朝阳区平乐园100号
127,300384 天津市西青区宾水西道391号天津理工大学主校区
128,美国加利福尼亚州
129,450000 河南省郑州市科学大道100号
130,213000 江苏省常州市武进区经济开发区腾龙路2号
131,新加坡新加坡肯特岭路
132,116023 辽宁省大连市中山路457号
133,430070 湖北省武汉市洪山区珞狮路122号
134,400715 重庆市北碚区天生路1号
135,150001 黑龙江省哈尔滨市南岗区南通大街145号哈尔滨工程大学科技处知识产权办公室
136,710048 陕西省西安市金花南路5号
137,811600 青海省西宁市经济技术开发区甘河园区
138,200433 上海市杨浦区邯郸路220号
139,518100 广东省深圳市南山区南海大道海王大厦A座22层
140,518100 广东省深圳市南山区南海大道海王大厦A座22层
141,518100 广东省深圳市南山区南海大道海王大厦A座22层
142,518100 广东省深圳市南山区南海大道海王大厦A座22层
143,518100 广东省深圳市南山区南海大道海王大厦A座22层
144,518100 广东省深圳市南山区南海大道海王大厦A座22层
145,518100 广东省深圳市南山区南海大道海王大厦A座22层
146,518100 广东省深圳市南山区南海大道海王大厦A座22层
147,311232 浙江省杭州市萧山经济技术开发区桥南区块鸿兴路117号
148,410083 湖南省长沙市岳麓区麓山南路932号
149,361000 福建省厦门市海沧区东孚镇东孚大道2881号16#厂房2层南侧
150,215000 江苏省苏州市苏州工业园区星湖街218号A4楼217室苏州宇豪纳米材料有限公司
151,130000 吉林省长春市新城大街5088号
152,211189 江苏省南京市江宁区东南大学路2号
153,100029 北京市朝阳区北三环东路15号
154,美国伊利诺斯州
155,德国慕尼黑
156,518000 广东省深圳市南山区南海大道海王大厦A座22层
157,518000 广东省深圳市南山区南海大道海王大厦A座22层
158,518000 广东省深圳市南山区南海大道海王大厦A座22层
159,518000 广东省深圳市南山区南海大道海王大厦A座22层
160,518000 广东省深圳市南山区南海大道海王大厦A座22层
161,518000 广东省深圳市南山区南海大道海王大厦A座22层
162,100190 北京市海淀区中关村北二条1号
163,100190 北京市海淀区中关村东路29号
164,518000 广东省深圳市南山区南海大道海王大厦A座22层
165,312500 浙江省绍兴市新昌县七星街泰坦大道1号江南名茶市场B3幢2011
166,200050 上海市长宁区长宁路865号5号楼505室
167,230000 安徽省合肥市瑶海工业园纬D路7号
168,518000 广东省深圳市南山区西丽镇深圳大学城哈工大校区
169,310027 浙江省杭州市西湖区余杭塘路866号
170,210098 江苏省南京市西康路1号
171,215000 江苏省苏州市吴中区木渎镇玉山路(646号)金枫广告创业园B幢
172,215000 江苏省苏州市吴中区木渎镇玉山路646号金枫广告创业园B幢
173,200050 上海市长宁区长宁路865号5号楼505室
174,美国纽约州
175,430070 湖北省武汉市洪山区珞狮路122号
176,224007 江苏省盐城市经济技术开发区东环路69号
177,730000 甘肃省兰州市南昌路363号科技处
178,215000 江苏省苏州市吴中区木渎镇玉山路646号金枫广告创业园B幢
179,200433 上海市杨浦区邯郸路220号
180,100029 北京市朝阳区北三环东路15号北京化工大学
181,400715 重庆市北碚区天生路1号
182,570228 海南省海口市美兰区人民大道58号
183,215000 江苏省苏州市工业园区星湖街218号生物纳米园A4楼112室
184,日本东京都
185,411201 湖南省湘潭市雨湖区石码头2号
186,518000 广东省深圳市南山区南海大道海王大厦A座22层
187,518000 广东省深圳市南山区南海大道海王大厦A座22层
188,中国台湾新竹市
189,100015 北京市朝阳区酒仙桥路10号
190,100190 北京市海淀区中关村北一条11号
191,362000 福建省泉州市丰泽区城东华侨大学
192,150001 黑龙江省哈尔滨市南岗区南通大街145号哈尔滨工程大学科技处知识产权办公室
193,213100 江苏省常州市江苏武进经济开发区祥云路6号
194,213100 江苏省常州市武进经济开发区祥云路6号
195,250061 山东省济南市历城区山大南路27号
196,350108 福建省福州市闽侯县上街镇大学城学园路2号福州大学新区
197,210038 江苏省南京市栖霞区新港开发区恒达路3号紫金科创高通特别社区
198,210038 江苏省南京市栖霞区新港开发区恒达路3号紫金科创高通特别社区
199,136000 吉林省四平市海丰大街1301号
200,213164 江苏省常州市武进区ﾜ韬ﾷ1号
201,130012 吉林省长春市前进大街2699号
202,518100 广东省深圳市南山区南海大道海王大厦A座22层
203,200433 上海市杨浦区邯郸路220号
204,210038 江苏省南京市栖霞区新港开发区恒达路3号紫金科创高通特别社区
205,210038 江苏省南京市栖霞区新港开发区恒达路3号紫金科创高通特别社区
206,361005 福建省厦门市思明南路422号
207,英国柴郡
208,210094 江苏省南京市孝陵卫200号
209,350108 福建省福州市闽侯县上街镇大学城学园路2号福州大学新区
210,518000 广东省深圳市南山区南海大道海王大厦A座22层
211,400715 重庆市北碚区天生路1号
212,230601 安徽省合肥市经济技术开发区莲花路2388号
213,518100 广东省深圳市宝安区松岗街道燕川社区第二工业区牛角路第8栋厂房102
214,230601 安徽省合肥市经济技术开发区莲花路2388号
215,230601 安徽省合肥市经济技术开发区莲花路2388号
216,213164 江苏省常州市武进区ﾜ韬ﾷ1号
217,266071 山东省青岛市市南区宁夏路308号
218,611731 四川省成都市高新区(西区)西源大道2006号
219,150080 黑龙江省哈尔滨市南岗区学府路74号
220,250014 山东省济南市历下区文化东路88号
221,350300 福建省福州市福清市融侨开发区光电科技园
222,710071 陕西省西安市碑林立咸宁西路三十一号
223,400714 重庆市北碚区方正大道266号
224,200050 上海市长宁区定西路1295号
225,250100 山东省济南市历城区山大南路27号
226,250100 山东省济南市历城区山大南路27号
227,266000 山东省青岛市市北区郑州路53号
228,311232 浙江省杭州市萧山经济技术开发区桥南区块鸿兴路117号
229,310027 浙江省杭州市西湖区浙大路38号
230,475001 河南省开封市明伦街85号
231,511400 广东省广州市南沙区环市大道南路25号华工大广州产研院
232,200120 上海市浦东新区南六公路三灶都市型工业园区发展东路141号
233,213000 江苏省常州市新北区华山路18号3-405
234,200240 上海市闵行区东川路800号
235,200444 上海市宝山区上大路99号
236,362801 福建省泉州市泉港区前黄镇普安工业区孵化基地大楼
237,200120 上海市浦东新区南六公路三灶都市型工业园区发展东路141号
238,215123 江苏省苏州市苏州工业园区仁爱路199号
239,518100 广东省深圳市南山区南海大道海王大厦A座22层
240,518100 广东省深圳市南山区南海大道海王大厦A座22层
241,518100 广东省深圳市南山区南海大道海王大厦A座22层
242,518100 广东省深圳市南山区南海大道海王大厦A座22层
243,518100 广东省深圳市南山区南海大道海王大厦A座22层
244,518100 广东省深圳市南山区南海大道海王大厦A座22层
245,518100 广东省深圳市南山区南海大道海王大厦A座22层
246,518100 广东省深圳市南山区南海大道海王大厦A座22层
247,美国纽约
248,315201 浙江省宁波市镇海区庄市大道519号
249,200092 上海市杨浦区四平路1239号
250,214171 江苏省无锡市惠山经济开发区智慧路1号清华创新大厦A2005
251,030001 山西省太原市迎泽区桃园南路27号
252,523000 广东省东莞市道ﾜ蛘虮庇缆碇薮骞ひ登￸
253,300072 天津市南开区卫津路92号
254,300072 天津市南开区卫津路92号
255,212013 江苏省镇江市京口区学府路301号
256,030001 山西省太原市迎泽区桃园南路27号
257,214000 江苏省无锡市惠山经济开发区智慧路1号清华创新大厦A2005室
258,200240 上海市闵行区东川路800号
259,430070 湖北省武汉市洪山区珞狮路122号
260,400044 重庆市沙坪坝区沙正街174号重庆大学化学化工学院
261,065201 河北省廊坊市三河市燕郊开发区学院大街806号华北科技学院机电系
262,200050 上海市长宁区长宁路865号
263,200050 上海市长宁区长宁路865号
264,511400 广东省广州市南沙区环市大道南路25号华工大广州产研院
265,215400 江苏省苏州市太仓经济开发区青岛西路11号
266,710048 陕西省西安市金花南路5号
267,215000 江苏省苏州市相城区嘉元路959号元和大厦610室
268,510640 广东省广州市天河区五山路381号
269,200092 上海市杨浦区四平路1239号
270,410000 湖南省长沙市岳麓区岳麓山左家垅
271,274000 山东省菏泽市开发区南京路199号
272,200240 上海市闵行区东川路800号
273,050043 河北省石家庄市北二环东路17号
274,215400 江苏省苏州市太仓经济开发区青岛西路11号
275,215400 江苏省苏州市太仓经济开发区青岛西路11号
276,210023 江苏省南京市亚东新城区文苑路9号
277,215123 江苏省苏州市苏州工业园区仁爱路199号
278,710021 陕西省西安市未央大学园区
279,215123 江苏省苏州市苏州工业园区仁爱路199号
280,150001 黑龙江省哈尔滨市南岗区西大直街92号
281,710049 陕西省西安市咸宁路28号
282,310027 浙江省杭州市西湖区浙大路38号
283,161006 黑龙江省齐齐哈尔市文化大街42号齐齐哈尔大学材料科学与工程学院
284,510640 广东省广州市天河区五山路381号
285,200092 上海市杨浦区四平路1239号
286,215123 江苏省苏州市苏州工业园区仁爱路199号
287,213164 江苏省常州市武进区ﾜ韬ﾷ1号
288,430065 湖北省武汉市洪山区黄家湖西路1号
289,611731 四川省成都市高新区(西区)西源大道2006号
290,210094 江苏省南京市孝陵卫200号
291,韩国庆尚南道昌原市
292,315201 浙江省宁波市镇海区庄市大道519号
293,341000 江西省赣州市章贡区客家大道156号
294,200444 上海市宝山区上大路99号
295,200092 上海市杨浦区四平路1239号
296,213100 江苏省常州市武进经济开发区祥云路6号
297,100095 北京市海淀区北京81信箱
298,201800 上海市嘉定区宝嘉公路2019号
299,215200 江苏省苏州市吴江区松陵镇高新村
300,247100 安徽省池州市经济技术开发区金安工业园梧桐路
301,710072 陕西省西安市友谊西路127号
302,362000 福建省泉州台商投资区行政办公大楼5楼
303,518000 广东省深圳市南山区南海大道海王大厦A座22层
304,475004 河南省开封市明伦街85号
305,214000 江苏省无锡市惠山经济开发区智慧路1号清华创新大厦A2005室
306,541004 广西壮族自治区桂林市建干路12号
307,475004 河南省开封市明伦街85号
308,215400 江苏省苏州市太仓经济开发区青岛西路11号
309,215400 江苏省苏州市太仓经济开发区青岛西路11号
310,215400 江苏省苏州市太仓经济开发区青岛西路11号
311,350108 福建省福州市闽侯县上街镇大学城学园路2号福州大学新区
312,314001 浙江省嘉兴市越秀南路56号
313,100029 北京市朝阳区北三环东路15号
314,300072 天津市南开区卫津路92号
315,350108 福建省福州市闽侯县上街镇大学城学园路2号福州大学新区
316,215132 江苏省苏州市相城区黄桥街道工业区一区
317,200444 上海市宝山区上大路99号
318,116023 辽宁省大连市中山路457号
319,300072 天津市南开区卫津路92号天津大学
320,200444 上海市宝山区上大路99号
321,150080 黑龙江省哈尔滨市南岗区学府路74号
322,518000 广东省深圳市南山区南海大道海王大厦A座22层
323,518100 广东省深圳市南山区南海大道海王大厦A座22层
324,518100 广东省深圳市南山区南海大道海王大厦A座22层
325,中国台湾台北市大安区忠孝东路4段325号12楼之1
326,311232 浙江省杭州市萧山经济技术开发区桥南区块鸿兴路117号
327,210016 江苏省南京市秦淮区御道街29号
328,230026 安徽省合肥市包河区金寨路96号
329,830046 新疆维吾尔自治区乌鲁木齐市胜利路666号
330,300401 天津市北辰区西平道5340号河北工业大学
331,525000 广东省茂名市官渡二路139号
332,300401 天津市北辰区双口镇西平道5340号河北工业大学
333,300401 天津市北辰区双口镇西平道5340号河北工业大学
334,110142 辽宁省沈阳市经济技术开发区11号
335,200092 上海市杨浦区四平路1239号
336,430062 湖北省武汉市武昌区友谊大道368号
337,150001 黑龙江省哈尔滨市南岗区西大直街92号
338,361000 福建省厦门市海沧区东孚镇东孚大道2881号16#厂房2层南侧
339,430072 湖北省武汉市武昌区珞珈山武汉大学
340,201800 上海市嘉定区宝嘉公路2019号
341,541004 广西壮族自治区桂林市建干路12号
342,213000 江苏省常州市武进区经济开发区祥云路6号
343,315040 浙江省宁波市江东区曙光路23号502室
344,200444 上海市宝山区上大路99号
345,211100 江苏省南京市江宁开发区佛城西路8号
346,710061 陕西省西安市长安北路49号
347,300072 天津市南开区卫津路92号
348,210096 江苏省南京市四牌楼2号
349,030024 山西省太原市迎泽西大街79号
350,453007 河南省新乡市牧野区建设东路46号
351,611731 四川省成都市高新西区西源大道2006号
352,150006 黑龙江省哈尔滨市南岗区西大直街92号格物楼900室
353,315201 浙江省宁波市镇海区中官西路1219号
354,100095 北京市海淀区北京81信箱
355,266071 山东省青岛市市南区宁夏路308号
356,266071 山东省青岛市市南区宁夏路308号
357,214000 江苏省无锡市惠山经济开发区智慧路1号清华创新大厦A2005室
358,100191 北京市海淀区学院路37号
359,274000 山东省菏泽市开发区南京路199号
360,美国俄亥俄州
361,200050 上海市长宁区长宁路865号
362,德国路德维希港
363,158212 黑龙江省鸡西市鸡东县东海镇东海村
364,150000 黑龙江省哈尔滨市南岗区西大直街92号
365,110142 辽宁省沈阳市经济技术开发区11号
366,日本东京都
367,210038 江苏省南京市栖霞区新港开发区恒达路3号紫金科创高通特别社区
368,430050 湖北省武汉市汉阳区黄金口工业园金福路8号
369,310018 浙江省杭州市下沙高教园区2号大街5号
370,710062 陕西省西安市长安南路199号
371,200050 上海市长宁区长宁路865号
372,200235 上海市徐汇区漕宝路120号
373,410083 湖南省长沙市岳麓区麓山南路932号
374,215400 江苏省苏州市太仓经济开发区青岛西路11号
375,100029 北京市朝阳区北三环东路15号
376,200240 上海市闵行区东川路800号
377,200240 上海市闵行区东川路800号
378,330031 江西省南昌市红谷滩新区学府大道999号
379,214171 江苏省无锡市惠山经济开发区智慧路1号清华创新大厦A2005
380,200240 上海市闵行区东川路800号
381,100191 北京市海淀区学院路37号
382,410082 湖南省长沙市岳麓区麓山南路1号
383,211816 江苏省南京市浦口区浦珠南路30号
384,252059 山东省聊城市东昌府区湖南路1号
385,511458 广东省广州市南沙区环市大道南路25号华工大广州产研院
386,350108 福建省福州市闽侯县上街镇大学城学园路2号福州大学新区
387,130022 吉林省长春市人民大街5625号
388,214000 江苏省无锡市惠山经济开发区智慧路1号清华创新大厦A2005室
389,215000 江苏省苏州市高新区国际教育园北区学府路287号
390,130012 吉林省长春市前进大街2699号
391,810008 青海省西宁市新宁路18号
392,116024 辽宁省大连市甘井子区凌工路2号
393,213164 江苏省常州市武进区ﾜ韬ﾷ1号
394,201210 上海市浦东新区张江高斯路497号
395,250204 山东省济南市章丘市刁镇工业经济开发区
396,211106 江苏省南京市江宁区佛城西路8号
397,201620 上海市松江区人民北路2999号
398,300401 天津市北辰区双口镇西平道5340号河北工业大学
399,150000 黑龙江省哈尔滨市南岗区西大直街92号
400,453007 河南省新乡市牧野区建设东路46号
401,453007 河南省新乡市牧野区建设东路46号
402,213164 江苏省常州市武进区ﾜ韬ﾷ1号
403,211100 江苏省南京市江宁开发区佛城西路8号
404,430081 湖北省武汉市青山区建设一路
405,361000 福建省厦门市海沧区东孚镇东孚大道2881号16#厂房2层南侧
406,541004 广西壮族自治区桂林市建干路12号
407,210094 江苏省南京市孝陵卫200号
408,200050 上海市长宁区长宁路865号
409,200050 上海市长宁区长宁路865号
410,570228 海南省海口市海甸岛人民大道58号海南大学材料与化工学院
411,361000 福建省厦门市海沧区东孚镇东孚大道2881号16#厂房2层南侧
412,214171 江苏省无锡市惠山经济开发区智慧路1号清华创新大厦A2005
413,200433 上海市杨浦区邯郸路220号
414,541004 广西壮族自治区桂林市七星区金鸡路1号
415,德国路德维希港
416,澳大利亚新南威尔士州
417,韩国忠清南道天安市
418,518000 广东省深圳市南山区南海大道海王大厦A座22层
419,518000 广东省深圳市南山区南海大道海王大厦A座22层
420,100191 北京市海淀区学院路37号
421,215628 江苏省苏州市张家港市南丰镇民丰南路张家港市东大工业技术研究院
422,430050 湖北省武汉市汉阳区黄金口工业园金福路8号
423,200444 上海市宝山区上大路99号
424,621000 四川省绵阳市科创园区园艺街20号
425,430050 湖北省武汉市汉阳区黄金口工业园金福路8号
426,201620 上海市松江区人民北路2999号
427,100875 北京市海淀区新街口外大街19号
428,200235 上海市徐汇区漕宝路120号
429,300072 天津市南开区卫津路92号
430,201800 上海市嘉定区800－211邮政信箱
431,430072 湖北省武汉市武昌区珞珈山武汉大学
432,224007 江苏省盐城市经济技术开发区东环路69号
433,210038 江苏省南京市栖霞区新港开发区恒达路3号紫金科创高通特别社区
434,116024 辽宁省大连市高新园区凌工路2号
435,116024 辽宁省大连市甘井子区凌工路2号
436,116024 辽宁省大连市甘井子区凌工路2号
437,中国台湾宜兰县五结乡利工三路5号
438,225009 江苏省扬州市大学南路88号
439,100072 北京市丰台区杜家坎21号
440,030024 山西省太原市迎泽西大街79号
441,200444 上海市宝山区上大路99号
442,530001 广西壮族自治区南宁市明秀东路175号广西师范学院
443,211106 江苏省南京市江宁开发区胜太路68号
444,430074 湖北省武汉市洪山区雄楚大街693号
445,430074 湖北省武汉市洪山区雄楚大街693号
446,330000 江西省南昌市红谷滩新区学府大道999号
447,210094 江苏省南京市孝陵卫200号
448,430074 湖北省武汉市洪山区雄楚大街693号
449,230601 安徽省合肥市经开区九龙路111号
450,400714 重庆市北碚区方正大道266号
451,200240 上海市闵行区东川路800号
452,250022 山东省济南市市中区南辛庄西路336号
453,361000 福建省厦门市火炬高新区创业园伟业楼南楼S301C室
454,430072 湖北省武汉市武昌区珞珈山武汉大学
455,230026 安徽省合肥市包河区金寨路96号
456,100875 北京市海淀区新街口外大街19号
457,300071 天津市南开区卫津路94号
458,150000 黑龙江省哈尔滨市南岗区西大直街92号
459,美国纽约
460,224007 江苏省盐城市经济技术开发区东环路69号
461,315201 浙江省宁波市镇海区中官西路1219号
462,410082 湖南省长沙市岳麓区麓山南路1号
463,200240 上海市闵行区东川路800号
464,德国路德维希港
465,518000 广东省深圳市南山区南海大道海王大厦A座22层
466,518000 广东省深圳市南山区南海大道海王大厦A座22层
467,518000 广东省深圳市南山区南海大道海王大厦A座22层
468,200092 上海市杨浦区四平路1239号
469,430070 湖北省武汉市洪山区珞狮路122号
470,200433 上海市杨浦区邯郸路220号
471,200050 上海市长宁区定西路1295号
472,350108 福建省福州市闽侯县大学城溪源宫路2号
473,255086 山东省淄博市高新技术开发区高创园D座1012室
474,518054 广东省深圳市南山区海南大道海洋王大厦A座22楼
475,美国纽约
476,德国路德维希港
477,230601 安徽省合肥市经济技术开发区莲花路2388号
478,315000 浙江省宁波市慈溪慈东滨海区天叙璐1号
479,215000 江苏省苏州市吴中区旺山工业园天鹅荡路588号4号厂房
480,210016 江苏省南京市秦淮区御道街29号
481,100871 北京市海淀区颐和园路5号
482,100191 北京市海淀区学院路37号
483,200092 上海市杨浦区四平路1239号
484,100080 北京市海淀区中关村北一街2号
485,518000 广东省深圳市坪山新区坪山沙ﾈn同富裕工业区
486,518000 广东省深圳市坪山新区坪山沙ﾈn同富裕工业区
487,518000 广东省深圳市坪山新区坪山沙ﾈn同富裕工业区
488,518000 广东省深圳市坪山新区坪山沙ﾈn同富裕工业区
489,100029 北京市朝阳区北三环东路15号
490,518000 广东省深圳市坪山新区坪山沙ﾈn同富裕工业区
491,210016 江苏省南京市秦淮区御道街29号
492,610064 四川省成都市一环路南一段24号
493,730000 甘肃省兰州市城关区天水中路18号
494,150000 黑龙江省哈尔滨市松北区世茂滨江新城3期1区D43栋1单元144号
495,315000 浙江省宁波市慈溪慈东滨海区天叙璐1号
496,537000 广西壮族自治区玉林市玉州区玉州路147号
497,430070 湖北省武汉市洪山区珞狮路122号
498,510880 广东省广州市花都区花山镇华侨工业园
499,130012 吉林省长春市前进大街2699号
